id_cliente,cpf,nome,data_nascimento,genero,email,telefone
1,941.730.258-23,João Vitor da Rocha,1992-05-19,M,joao.rocha@email.com,+55 81 3253 6729
2,718.342.596-73,Dr. Oliver Garcia,1966-12-02,M,dr..garcia@email.com,0800 017 5186
3,745.629.183-73,Paulo Cunha,1998-04-17,M,paulo.cunha@email.com,(081) 0017 0127
4,324.180.567-08,Alexandre Lima,1969-12-14,M,alexandre.lima@email.com,+55 (041) 0643-6110
5,237.069.518-86,Pietra Barbosa,1977-02-26,F,pietra.barbosa@email.com,+55 11 3611 1554
6,291.460.738-50,Mateus Vasconcelos,1993-10-23,M,mateus.vasconcelos@email.com,+55 11 2697-3112
7,652.170.983-68,Matheus Ferreira,1997-08-28,M,matheus.ferreira@email.com,+55 (041) 4389 8364
8,613.754.029-43,Sr. Isaque Monteiro,1969-03-22,M,sr..monteiro@email.com,(051) 2696 5827
9,104.985.326-15,Allana Pastor,1987-06-04,F,allana.pastor@email.com,21 6661-8892
10,183.694.250-89,Antonella das Neves,1965-10-03,F,antonella.neves@email.com,(021) 3031-6179
11,210.587.639-03,Benjamin das Neves,1980-03-28,M,benjamin.neves@email.com,41 4252-4105
12,149.368.207-50,Júlia Moura,2003-02-16,F,julia.moura@email.com,0300 252 4191
13,093.872.564-56,Sophia Abreu,2002-12-31,F,sophia.abreu@email.com,+55 (051) 8635 3654
14,802.149.356-98,Maria Fernanda Campos,2003-08-01,F,maria.campos@email.com,(011) 4518 7053
15,937.248.160-22,Kevin Sousa,1954-11-23,M,kevin.sousa@email.com,+55 (011) 6038 5050
16,389.760.125-77,Sra. Lorena Caldeira,1950-12-24,F,sra..caldeira@email.com,+55 (061) 3865 7191
17,610.358.492-24,Davi Luiz Porto,2002-07-21,M,davi.porto@email.com,(051) 6557 4313
18,127.386.059-40,Cauê Cassiano,1997-01-25,M,caue.cassiano@email.com,+55 (084) 7474-1124
19,213.974.068-87,Sr. Henrique Duarte,1962-05-09,M,sr..duarte@email.com,+55 (051) 0678-8317
20,093.167.248-13,Cecilia Campos,1984-04-10,F,cecilia.campos@email.com,0900 410 1372
21,079.143.568-75,Lucas Campos,1970-09-10,M,lucas.campos@email.com,(011) 2532-4472
22,476.930.812-40,Isabelly Ramos,1953-12-27,F,isabelly.ramos@email.com,84 3838 0657
23,985.321.046-06,Ryan Ferreira,1946-08-23,M,ryan.ferreira@email.com,+55 84 0785-9321
24,803.472.196-40,Isabella da Mata,1984-12-20,F,isabella.mata@email.com,(051) 5905 9929
25,427.065.189-01,Sabrina Nogueira,1946-01-02,F,sabrina.nogueira@email.com,51 7059 3252
26,291.648.075-76,Bento Almeida,1984-07-11,M,bento.almeida@email.com,+55 41 5452 2675
27,926.857.104-85,Maria Alice Câmara,1992-06-02,F,maria.camara@email.com,0500 690 2959
28,251.798.640-11,Cauã Monteiro,2000-07-24,M,caua.monteiro@email.com,(071) 7043 3154
29,679.135.482-82,Agatha Aragão,1951-07-21,F,agatha.aragao@email.com,(081) 9327-1040
30,152.390.487-97,José Pedro Caldeira,1992-08-03,M,jose.caldeira@email.com,+55 (041) 6296 2015
31,894.526.107-94,Gabriel Jesus,1971-05-21,M,gabriel.jesus@email.com,0500 872 0506
32,973.061.428-87,Laís Ribeiro,1950-03-23,F,lais.ribeiro@email.com,(071) 1467-7418
33,652.307.914-70,Francisco Freitas,1960-01-17,M,francisco.freitas@email.com,+55 81 9021-1586
34,068.453.172-08,Heloísa Novaes,1950-01-08,F,heloisa.novaes@email.com,61 0898 9921
35,392.086.547-29,Erick Cavalcante,2001-05-29,M,erick.cavalcante@email.com,0300-451-1686
36,870.654.391-00,Luan da Mota,1954-10-31,M,luan.mota@email.com,+55 (011) 9991-1914
37,467.983.051-48,Manuella Jesus,1972-01-26,F,manuella.jesus@email.com,+55 (011) 9960-6530
38,054.263.978-56,Dr. João Felipe Freitas,1965-02-04,M,dr..freitas@email.com,(031) 5469-1373
39,850.417.239-23,Ryan Teixeira,1953-11-17,M,ryan.teixeira@email.com,51 9023 3030
40,345.698.720-00,Ana Julia Fonseca,1991-01-01,F,ana.fonseca@email.com,+55 (041) 3579 7279
41,241.903.586-06,Luiz Fernando Ferreira,2002-12-22,M,luiz.ferreira@email.com,+55 21 3346-8007
42,034.725.816-62,Emanuella Peixoto,1975-11-19,F,emanuella.peixoto@email.com,+55 61 3748-9691
43,584.290.371-79,Sophia Ribeiro,1963-06-19,F,sophia.ribeiro@email.com,(061) 4443 2830
44,520.938.416-06,Maria Luiza Ribeiro,1971-01-26,F,maria.ribeiro@email.com,+55 (051) 9935 3875
45,824.031.956-42,Kaique Cavalcante,1990-11-26,M,kaique.cavalcante@email.com,(071) 1353 4655
46,170.654.893-10,Laís Martins,1978-09-15,F,lais.martins@email.com,+55 71 6846 0223
47,725.691.048-76,Nicolas Nunes,1987-08-04,M,nicolas.nunes@email.com,+55 (051) 5007-4329
48,126.537.498-82,Rebeca Viana,1944-12-19,F,rebeca.viana@email.com,+55 (051) 8350 5830
49,542.038.769-74,Srta. Isadora Câmara,2000-09-16,F,srta..camara@email.com,+55 (061) 4478 9856
50,532.680.147-71,Srta. Manuela Mendonça,1959-01-08,F,srta..mendonca@email.com,+55 (031) 9821 5064
51,019.756.382-12,Ana Julia Peixoto,1953-01-21,F,ana.peixoto@email.com,81 4723-0461
52,189.205.346-24,Dr. Davi Miguel Leão,1997-08-03,M,dr..leao@email.com,+55 71 8356-4208
53,753.068.421-35,Giovanna Sales,1954-10-19,F,giovanna.sales@email.com,+55 31 8114 3744
54,204.956.378-74,Benicio Brito,1951-02-11,M,benicio.brito@email.com,+55 (061) 0225 5794
55,216.379.548-91,Sr. Marcelo Fernandes,1999-01-30,M,sr..fernandes@email.com,84 2120 2169
56,965.401.387-84,Pedro Lucas Cirino,2005-01-18,M,pedro.cirino@email.com,81 7014 5089
57,581.397.642-64,Dra. Heloisa Rios,1954-10-06,F,dra..rios@email.com,84 9002-8772
58,354.071.986-57,Rebeca Duarte,1950-01-05,F,rebeca.duarte@email.com,(051) 7971-7751
59,690.487.521-67,Antony Caldeira,2005-03-21,M,antony.caldeira@email.com,31 8375-5037
60,571.098.642-94,Olívia Silva,2001-02-13,F,olivia.silva@email.com,(021) 8851 0272
61,438.071.569-84,Dra. Maria Luísa Caldeira,1951-12-25,F,dra..caldeira@email.com,84 0917 7982
62,086.743.129-69,Alana Moura,1994-05-11,F,alana.moura@email.com,+55 81 1699 5866
63,654.318.927-46,Isadora da Mota,2002-01-07,F,isadora.mota@email.com,81 5833-3945
64,851.624.397-46,Srta. Emanuelly Montenegro,1990-07-13,F,srta..montenegro@email.com,61 4608-1062
65,429.581.067-30,Benjamin Costa,1958-07-13,M,benjamin.costa@email.com,71 0571-9838
66,406.372.851-07,Isabela Moraes,1958-06-20,F,isabela.moraes@email.com,0900-735-9893
67,219.854.063-06,Srta. Laís Machado,1973-10-22,F,srta..machado@email.com,+55 84 8422-9405
68,250.684.913-06,Eduardo Aparecida,1949-08-10,M,eduardo.aparecida@email.com,(051) 8328 1826
69,153.982.467-55,Vitor Gabriel Guerra,1959-07-07,M,vitor.guerra@email.com,0900-878-0157
70,561.324.907-52,Isabelly Aparecida,1979-08-25,F,isabelly.aparecida@email.com,31 7704-3581
71,890.571.423-41,Enzo Vargas,2001-07-07,M,enzo.vargas@email.com,+55 51 3861 2075
72,024.796.138-87,Caio Barbosa,1971-01-20,M,caio.barbosa@email.com,(041) 6650-6180
73,901.248.637-87,Dra. Ana Luiza Sá,1985-12-04,F,dra..sa@email.com,+55 31 4766 0728
74,684.512.703-44,Catarina Souza,1953-01-13,F,catarina.souza@email.com,+55 (061) 0996 8814
75,682.195.703-77,Manuella Cunha,1956-12-27,F,manuella.cunha@email.com,0300 087 8141
76,975.218.043-41,Carlos Eduardo Costa,2005-11-25,M,carlos.costa@email.com,+55 (071) 5775-9492
77,620.815.349-24,Maria Clara Dias,1953-10-15,F,maria.dias@email.com,(071) 7775 4781
78,283.950.476-65,Bruno da Mota,1999-12-13,M,bruno.mota@email.com,0800 969 3084
79,256.149.730-52,Ágatha Melo,1971-08-26,F,agatha.melo@email.com,21 8039 2827
80,927.801.356-03,Felipe Nunes,1962-08-21,M,felipe.nunes@email.com,31 3038 5677
81,514.692.837-19,Ana Cecília Rezende,1969-07-04,F,ana.rezende@email.com,0900 184 6386
82,702.315.894-41,Luiz Felipe Mendonça,1959-01-16,M,luiz.mendonca@email.com,+55 (021) 2259-1365
83,793.418.062-40,Sr. Rodrigo Rocha,1953-05-08,M,sr..rocha@email.com,0500 922 8092
84,286.470.953-83,Enzo da Luz,1975-03-21,M,enzo.luz@email.com,0500-772-3692
85,842.567.390-92,Emilly Pinto,1960-04-15,F,emilly.pinto@email.com,41 6210 3886
86,701.839.624-78,Calebe Cavalcanti,1980-03-04,M,calebe.cavalcanti@email.com,84 5086 3765
87,247.610.935-52,Carlos Eduardo Lima,1962-03-11,M,carlos.lima@email.com,+55 (071) 0098-1806
88,512.394.786-82,Sr. Levi Jesus,1983-01-27,M,sr..jesus@email.com,21 9463 6887
89,874.296.350-83,Maria Eduarda Novais,2002-10-31,F,maria.novais@email.com,+55 71 3721 3865
90,601.973.482-03,Ana Júlia Castro,1962-07-21,F,ana.castro@email.com,+55 21 5190-6698
91,278.014.963-96,Benjamin Vasconcelos,1997-12-30,M,benjamin.vasconcelos@email.com,0300-883-9205
92,146.253.870-35,Agatha Castro,1979-11-18,F,agatha.castro@email.com,+55 (021) 1184 8955
93,376.402.195-07,Heloisa Pereira,1982-08-30,F,heloisa.pereira@email.com,+55 11 8451 8489
94,973.628.450-65,Pedro Miguel Garcia,1977-06-12,M,pedro.garcia@email.com,+55 61 4163 3565
95,439.082.675-10,Vitor Gabriel Albuquerque,1977-01-28,M,vitor.albuquerque@email.com,(051) 5394 2373
96,398.614.207-03,Isabella da Luz,1952-10-21,F,isabella.luz@email.com,+55 21 7908 0759
97,472.698.305-92,Sabrina Oliveira,1948-05-01,F,sabrina.oliveira@email.com,51 6780 8562
98,875.906.134-01,Bárbara Sampaio,1966-10-17,F,barbara.sampaio@email.com,21 9428 4347
99,276.139.485-28,Luigi Fonseca,1975-04-27,M,luigi.fonseca@email.com,+55 (061) 9293-1438
100,297.601.345-43,Mateus Costa,2005-06-08,M,mateus.costa@email.com,41 8574-4890
101,203.697.815-03,Carlos Eduardo Sales,1962-04-29,M,carlos.sales@email.com,21 5884 5061
102,982.675.431-55,Fernanda Oliveira,1997-05-15,F,fernanda.oliveira@email.com,(041) 1694-7225
103,125.987.436-28,Nathan Barbosa,1985-11-04,M,nathan.barbosa@email.com,61 4759 8762
104,341.769.082-03,Antônio Cardoso,2004-06-10,M,antonio.cardoso@email.com,(071) 8006-8114
105,643.152.780-17,Eduardo Barros,1953-07-31,M,eduardo.barros@email.com,51 2005 5778
106,289.463.571-00,Yan Macedo,2006-07-02,M,yan.macedo@email.com,(084) 7831 7456
107,092.763.851-77,Daniela da Rosa,1996-01-22,F,daniela.rosa@email.com,(081) 4064-9308
108,869.173.405-10,Esther Jesus,1950-01-14,F,esther.jesus@email.com,(011) 3894-4846
109,241.538.679-00,Bernardo Cirino,1957-06-05,M,bernardo.cirino@email.com,(061) 0208 0214
110,703.816.945-93,Carolina Silva,1973-03-31,F,carolina.silva@email.com,(041) 7570 5120
111,872.193.045-79,Maria Júlia Barbosa,1970-11-01,F,maria.barbosa@email.com,(031) 3037-1837
112,201.936.758-03,Luana Duarte,2003-06-03,F,luana.duarte@email.com,+55 11 1365-0249
113,308.459.167-93,Miguel Vieira,1961-07-29,M,miguel.vieira@email.com,+55 (031) 7195-0052
114,735.492.860-74,Dra. Bianca Cardoso,1946-02-06,F,dra..cardoso@email.com,41 5240 7784
115,925.873.640-00,Rebeca Correia,1949-05-02,F,rebeca.correia@email.com,51 2744 8570
116,953.280.741-14,Dr. Francisco Almeida,1996-10-03,M,dr..almeida@email.com,81 2945-6511
117,290.173.658-03,Bernardo Aparecida,1983-07-04,M,bernardo.aparecida@email.com,51 7899 4053
118,371.950.268-68,Brayan Albuquerque,2000-08-02,M,brayan.albuquerque@email.com,31 0948 0141
119,136.974.520-61,Valentim Brito,1982-08-25,M,valentim.brito@email.com,84 6195-7612
120,852.463.719-64,Yan Guerra,2002-02-20,M,yan.guerra@email.com,31 6659 3983
121,796.058.234-38,Jade Fonseca,1979-11-15,F,jade.fonseca@email.com,+55 84 4043 3504
122,921.038.765-12,Sophia Novais,1969-08-17,F,sophia.novais@email.com,0800 334 4196
123,157.934.026-16,Helena Siqueira,1947-03-11,F,helena.siqueira@email.com,0500 610 5566
124,906.824.713-13,Ian Souza,1966-11-21,M,ian.souza@email.com,21 3206-7998
125,462.170.359-52,Henry Lopes,1981-12-13,M,henry.lopes@email.com,71 4168 6227
126,638.102.795-95,Gael Henrique Mendonça,1952-04-21,M,gael.mendonca@email.com,81 6553 5590
127,972.301.486-69,Eloá Ferreira,1955-04-07,F,eloa.ferreira@email.com,+55 21 1039 2405
128,705.194.683-84,Srta. Lorena Machado,1981-12-29,F,srta..machado@email.com,(081) 9206-9804
129,340.957.812-97,Bento da Paz,1989-10-06,M,bento.paz@email.com,21 1046 3681
130,812.943.057-60,Raquel Peixoto,2007-05-30,F,raquel.peixoto@email.com,51 4576 2055
131,840.523.761-53,Kevin da Costa,1959-12-31,M,kevin.costa@email.com,+55 (021) 5621-6893
132,264.793.105-43,Isaque Oliveira,1984-03-09,M,isaque.oliveira@email.com,71 3248-2629
133,891.726.045-49,Liam Azevedo,1972-08-19,M,liam.azevedo@email.com,(031) 7423 1220
134,938.150.246-33,Juliana Pereira,1953-10-09,F,juliana.pereira@email.com,21 9752-6772
135,069.231.478-40,Evelyn Câmara,1956-09-12,F,evelyn.camara@email.com,(031) 9757-3660
136,560.473.892-10,Mateus Silveira,1979-12-12,M,mateus.silveira@email.com,61 6086-8034
137,472.389.056-47,Miguel da Rosa,1976-03-12,M,miguel.rosa@email.com,(041) 1812-9826
138,027.451.396-06,Luna Machado,1966-09-13,F,luna.machado@email.com,+55 (031) 1117-5186
139,860.912.574-20,Dra. Eduarda Garcia,1956-10-26,F,dra..garcia@email.com,+55 (071) 6447 4212
140,407.369.821-40,Alexandre Pinto,1960-11-01,M,alexandre.pinto@email.com,+55 11 9776-7199
141,483.015.629-51,Isabelly Novaes,1947-02-23,F,isabelly.novaes@email.com,+55 (011) 0994-5101
142,482.359.706-00,Emanuelly Castro,1996-12-11,F,emanuelly.castro@email.com,(031) 5561 6814
143,456.918.032-98,Davi Luiz Campos,1977-07-24,M,davi.campos@email.com,0500-469-5489
144,978.314.526-64,Maria Cardoso,1957-10-26,F,maria.cardoso@email.com,+55 (011) 1071 3966
145,830.512.476-26,Lucas Gabriel Ferreira,1965-01-30,M,lucas.ferreira@email.com,21 8501-5569
146,358.796.024-00,Ana Cavalcanti,1977-05-31,F,ana.cavalcanti@email.com,+55 (021) 7857-6084
147,803.452.697-56,Levi Novais,1963-09-25,M,levi.novais@email.com,+55 (041) 5682 9962
148,450.237.891-79,Bruna Viana,1975-05-27,F,bruna.viana@email.com,(031) 3842 1503
149,072.183.569-40,Pedro Miguel Montenegro,1997-01-04,M,pedro.montenegro@email.com,+55 41 8230 7681
150,915.307.248-05,Luana Aparecida,1988-02-14,F,luana.aparecida@email.com,+55 (084) 5334-4857
151,241.085.637-35,Srta. Júlia Cassiano,1982-01-12,F,srta..cassiano@email.com,(051) 4249 3214
152,702.836.415-17,Maitê Nogueira,1950-07-05,F,maite.nogueira@email.com,(011) 6299-7954
153,817.490.365-84,Gael Henrique Silva,1965-10-08,M,gael.silva@email.com,(061) 7332-9456
154,578.063.912-40,Lucas Viana,1976-01-14,M,lucas.viana@email.com,+55 (041) 4599-2816
155,147.386.920-03,Sr. Luan Novais,1981-12-08,M,sr..novais@email.com,+55 (031) 7615-3966
156,321.564.907-16,Manuela Nogueira,1966-10-16,F,manuela.nogueira@email.com,84 1724-6191
157,013.684.972-50,Dr. Luan Monteiro,1975-06-22,M,dr..monteiro@email.com,61 4699-7335
158,510.463.897-93,Kevin Lopes,1969-10-10,M,kevin.lopes@email.com,81 0085-1403
159,568.374.120-35,Matteo Pires,1976-12-17,M,matteo.pires@email.com,+55 84 3865 6242
160,027.531.964-43,Alexia Barbosa,2003-03-08,F,alexia.barbosa@email.com,(051) 9692-7868
161,326.407.985-29,Matheus Fogaça,1993-02-09,M,matheus.fogaca@email.com,21 4689-5009
162,971.854.260-49,Léo Camargo,1980-04-06,M,leo.camargo@email.com,0800-137-1894
163,807.346.215-07,Benjamim Fernandes,1998-12-19,M,benjamim.fernandes@email.com,(021) 4209 4940
164,049.237.168-78,Sra. Eloá Oliveira,2002-08-03,F,sra..oliveira@email.com,+55 84 4294-4401
165,275.619.830-77,Erick Pastor,1999-01-17,M,erick.pastor@email.com,51 0512 9276
166,723.458.061-17,Isaac Ribeiro,1996-01-22,M,isaac.ribeiro@email.com,+55 61 0276 7478
167,674.183.092-87,Mateus Rodrigues,1970-08-23,M,mateus.rodrigues@email.com,(051) 8018 5694
168,146.359.827-00,Júlia da Mata,1990-10-07,F,julia.mata@email.com,+55 (061) 5800-1061
169,753.826.104-44,Cauã Rodrigues,1986-10-19,M,caua.rodrigues@email.com,+55 31 0939 1119
170,921.578.460-85,Maria Flor Ribeiro,1988-02-12,F,maria.ribeiro@email.com,(051) 4654-2140
171,048.139.576-84,Mathias Farias,1956-10-16,M,mathias.farias@email.com,(084) 1286-3917
172,194.630.572-34,Dr. Cauã Andrade,1947-03-23,M,dr..andrade@email.com,51 4256 9087
173,183.075.629-02,Pedro Henrique Guerra,1967-05-04,M,pedro.guerra@email.com,(031) 6015 8517
174,806.512.397-02,Gabriela Cavalcanti,1977-10-03,F,gabriela.cavalcanti@email.com,+55 21 7320 3093
175,847.930.615-75,Maria Julia Azevedo,1967-08-19,F,maria.azevedo@email.com,+55 (061) 6138 7829
176,270.348.195-05,Ana Sophia Andrade,1945-08-17,F,ana.andrade@email.com,+55 (051) 0417-9291
177,931.678.245-73,Danilo Monteiro,1966-09-17,M,danilo.monteiro@email.com,+55 71 9825 3092
178,426.158.730-08,Benício Campos,2007-08-22,M,benicio.campos@email.com,0800 021 9620
179,021.564.873-08,Bruno Abreu,1991-10-06,M,bruno.abreu@email.com,+55 81 3248 7632
180,271.596.304-16,Ana Carolina Peixoto,1957-09-15,F,ana.peixoto@email.com,+55 71 8195 8837
181,312.596.807-03,Sr. João Guilherme Aragão,1948-04-28,M,sr..aragao@email.com,21 4364 5970
182,290.347.561-06,Ana Júlia Nascimento,1984-12-24,F,ana.nascimento@email.com,0800 563 5315
183,639.108.457-20,Beatriz da Costa,1954-07-06,F,beatriz.costa@email.com,+55 11 9726-5273
184,520.947.863-74,Sra. Júlia Costa,2002-08-08,F,sra..costa@email.com,(061) 7625-3492
185,831.946.725-09,Dra. Eloá Oliveira,2001-08-09,F,dra..oliveira@email.com,(061) 4063-3569
186,069.734.812-13,Clarice Oliveira,1977-04-06,F,clarice.oliveira@email.com,+55 41 7731 8063
187,310.952.846-06,Luiz Henrique da Rocha,2003-01-11,M,luiz.rocha@email.com,0500 907 7262
188,016.524.987-02,Nicole Santos,1995-11-19,F,nicole.santos@email.com,+55 81 9893-1950
189,165.340.297-07,Maria Clara Aragão,1988-10-03,F,maria.aragao@email.com,84 1832-5381
190,358.249.607-47,Sra. Giovanna Sá,1970-01-07,F,sra..sa@email.com,(084) 7788 1788
191,513.709.648-20,Rael Pinto,1949-11-19,M,rael.pinto@email.com,+55 51 2412 7238
192,827.935.014-41,Sr. Juan Leão,1948-12-06,M,sr..leao@email.com,+55 (031) 3856 9557
193,794.812.530-23,Vinícius Novaes,1977-08-07,M,vinicius.novaes@email.com,31 4025 4729
194,298.160.453-89,Zoe da Paz,1974-08-26,F,zoe.paz@email.com,+55 71 5238-0552
195,284.063.751-08,Pietro Nogueira,1966-06-10,M,pietro.nogueira@email.com,+55 (021) 0885-4749
196,170.954.863-01,Sr. Pedro Miguel Fernandes,1971-12-24,M,sr..fernandes@email.com,0900-375-1509
197,430.798.621-04,Sr. Vinicius Câmara,1957-11-18,M,sr..camara@email.com,(084) 5998-0562
198,504.269.378-56,Sra. Maria Eduarda Gomes,1959-04-30,F,sra..gomes@email.com,(031) 6742-6629
199,347.682.051-35,Aurora Casa Grande,1950-09-01,F,aurora.grande@email.com,+55 (011) 6462 8792
200,487.029.513-04,Francisco Garcia,1959-12-05,M,francisco.garcia@email.com,+55 (041) 0244 7146
201,301.629.857-03,Samuel Sales,1984-03-10,M,samuel.sales@email.com,(081) 9647-1589
202,902.731.685-68,José Pedro Castro,1963-03-16,M,jose.castro@email.com,21 6504 4818
203,125.687.439-64,Fernando Teixeira,1951-03-03,M,fernando.teixeira@email.com,61 9520-2845
204,213.846.590-05,Maria Sophia Fernandes,1973-01-18,F,maria.fernandes@email.com,(051) 1120-7545
205,852.970.436-38,Melina Peixoto,2002-12-15,F,melina.peixoto@email.com,+55 (011) 3423-2161
206,760.195.483-84,Allana Vasconcelos,2006-06-22,F,allana.vasconcelos@email.com,+55 61 0140-1193
207,501.792.468-01,Gabriela Cirino,2002-11-03,F,gabriela.cirino@email.com,21 9389-1190
208,342.680.591-05,Henrique Silva,1969-08-02,M,henrique.silva@email.com,0900 271 2566
209,615.039.872-21,Théo da Conceição,1992-08-09,M,theo.conceicao@email.com,(011) 8015 7164
210,736.281.049-04,Luana Rodrigues,1956-11-06,F,luana.rodrigues@email.com,+55 (021) 7167 8112
211,912.078.564-01,Maria Liz Sales,1953-01-01,F,maria.sales@email.com,+55 31 6749-9465
212,842.630.917-87,Nathan Mendonça,1978-06-27,M,nathan.mendonca@email.com,+55 31 2010-1702
213,418.593.607-93,Luan Cassiano,1989-09-14,M,luan.cassiano@email.com,11 7848-5880
214,675.938.402-47,Pedro Campos,1956-09-07,M,pedro.campos@email.com,84 4276-2467
215,897.341.052-05,Rebeca Ribeiro,1978-04-24,F,rebeca.ribeiro@email.com,0900 695 4500
216,590.682.371-95,Augusto Cardoso,1968-02-19,M,augusto.cardoso@email.com,11 6503 3349
217,152.047.698-11,Ana Luiza das Neves,1983-04-21,F,ana.neves@email.com,31 6407-9056
218,917.058.243-23,Mathias Duarte,1955-12-27,M,mathias.duarte@email.com,0800-456-3718
219,046.718.923-40,João Pedro da Luz,1984-12-03,M,joao.luz@email.com,(081) 4198 7635
220,465.137.298-82,Kevin Montenegro,1990-05-07,M,kevin.montenegro@email.com,81 2082-9737
221,603.271.485-35,Yasmin Pimenta,2002-02-02,F,yasmin.pimenta@email.com,(021) 6513-6442
222,312.806.749-03,Isabela Guerra,1982-09-29,F,isabela.guerra@email.com,(021) 6032-4204
223,079.862.451-58,Yan Cavalcanti,2005-09-03,M,yan.cavalcanti@email.com,21 1623 1981
224,713.402.698-13,Vinicius da Cunha,1999-06-27,M,vinicius.cunha@email.com,+55 41 6321-2347
225,075.892.316-30,José Miguel Pastor,1963-07-20,M,jose.pastor@email.com,+55 (011) 5754-0900
226,864.592.073-56,Dra. Isabella da Cunha,2003-01-04,F,dra..cunha@email.com,(031) 6064-4134
227,560.273.481-35,Enrico Macedo,2001-11-21,M,enrico.macedo@email.com,(071) 6124 8156
228,092.531.846-98,Lunna Marques,1987-05-28,F,lunna.marques@email.com,(041) 5911 2382
229,578.691.204-30,Noah Vieira,1999-01-21,M,noah.vieira@email.com,(011) 3165 2669
230,831.972.506-21,Alícia Almeida,1986-09-14,F,alicia.almeida@email.com,(011) 9421-5291
231,791.856.432-46,Vinicius Lopes,1995-06-11,M,vinicius.lopes@email.com,11 6263-9343
232,204.917.385-79,Fernando Jesus,1984-04-25,M,fernando.jesus@email.com,(051) 1072-5636
233,180.729.346-78,Dr. José Miguel Barbosa,1945-01-05,M,dr..barbosa@email.com,+55 61 8964-6528
234,287.931.046-69,Felipe da Luz,1954-04-19,M,felipe.luz@email.com,+55 71 1502-7456
235,485.312.607-44,João Pimenta,1948-04-08,M,joao.pimenta@email.com,+55 (071) 2032-0742
236,709.254.316-99,Sra. Maya Camargo,1952-04-20,F,sra..camargo@email.com,+55 (011) 1513-4228
237,082.391.675-86,Heitor Pacheco,2005-01-12,M,heitor.pacheco@email.com,(071) 0416 5915
238,798.524.013-60,Ana Barros,1989-04-20,F,ana.barros@email.com,0900-759-2304
239,186.032.975-68,Benjamin Souza,1950-09-19,M,benjamin.souza@email.com,+55 (031) 3266 4214
240,425.708.139-23,Pedro Sousa,2004-11-25,M,pedro.sousa@email.com,51 7499 6165
241,610.423.857-26,Francisco Lopes,1978-05-10,M,francisco.lopes@email.com,51 8147 6174
242,436.290.587-10,Davi Lucas Rodrigues,1979-05-26,M,davi.rodrigues@email.com,(011) 6179-4549
243,172.693.045-99,Theodoro Almeida,2004-04-23,M,theodoro.almeida@email.com,(031) 5977 9452
244,941.380.576-84,Ester Barros,1945-07-21,F,ester.barros@email.com,+55 (041) 7769-7499
245,128.096.473-13,Miguel da Rosa,2003-02-07,M,miguel.rosa@email.com,+55 (041) 3723 6831
246,760.915.342-70,Ravi Casa Grande,1945-12-25,M,ravi.grande@email.com,(041) 9334-9605
247,697.548.201-20,Cauã Pires,1971-11-06,M,caua.pires@email.com,(084) 8997-3080
248,146.307.298-87,Luara Novaes,1946-01-24,F,luara.novaes@email.com,+55 (031) 4375-7383
249,724.563.981-73,Maitê Pereira,1998-10-25,F,maite.pereira@email.com,(071) 2934-1722
250,716.328.450-08,Eduarda Pereira,1945-11-18,F,eduarda.pereira@email.com,11 4522 8015
251,319.725.408-23,Bruna Pinto,2005-08-23,F,bruna.pinto@email.com,+55 (021) 8910-7711
252,081.759.634-84,Bella Novais,1994-03-19,F,bella.novais@email.com,(021) 7871 2552
253,603.972.458-74,Guilherme Macedo,1950-06-13,M,guilherme.macedo@email.com,+55 81 5653-2863
254,675.031.928-95,Paulo Jesus,1950-06-02,M,paulo.jesus@email.com,(081) 5626 0602
255,846.359.271-64,Ana Laura Pires,2006-07-10,F,ana.pires@email.com,(084) 0489 2673
256,563.209.814-15,Pedro Miguel Sampaio,1980-01-25,M,pedro.sampaio@email.com,71 4318-8485
257,843.627.059-29,Sr. Antônio Alves,2001-12-01,M,sr..alves@email.com,31 4851 0174
258,538.269.147-91,André Marques,1980-01-05,M,andre.marques@email.com,+55 51 1589 3571
259,190.386.547-66,Mariana Jesus,1969-10-11,F,mariana.jesus@email.com,51 6988 6497
260,762.148.395-46,Dr. Pedro Lucas Sales,1953-06-14,M,dr..sales@email.com,31 8137-7028
261,618.249.053-51,Dante Pereira,1952-08-29,M,dante.pereira@email.com,31 4544 7022
262,493.157.086-01,Mariah Aragão,1949-03-31,F,mariah.aragao@email.com,+55 (061) 6794 9756
263,287.635.194-37,Davi Lucca Teixeira,1950-09-22,M,davi.teixeira@email.com,0900-966-3658
264,412.509.736-43,Melina Sousa,1988-06-19,F,melina.sousa@email.com,84 1398-9098
265,012.978.453-23,Olívia Montenegro,1950-05-29,F,olivia.montenegro@email.com,61 9569-0705
266,085.329.467-47,Emilly Leão,1964-01-25,F,emilly.leao@email.com,+55 (011) 2412-4620
267,094.382.167-31,Lunna Cirino,1962-03-14,F,lunna.cirino@email.com,41 1033 9937
268,140.238.579-04,Thiago Gomes,1946-08-13,M,thiago.gomes@email.com,81 3048 9138
269,671.954.803-48,Srta. Liz Nunes,1981-06-04,F,srta..nunes@email.com,+55 (041) 3868-7007
270,208.394.561-15,Lavínia Rezende,1968-07-24,F,lavinia.rezende@email.com,+55 11 9840-2891
271,124.397.865-19,Aurora Gonçalves,1987-11-15,F,aurora.goncalves@email.com,+55 71 7435-5379
272,207.861.394-04,Antony Sales,1996-07-14,M,antony.sales@email.com,61 8118 0715
273,201.397.685-21,Maria Alice Gomes,1995-03-21,F,maria.gomes@email.com,+55 (031) 4531 9433
274,473.018.652-44,Luiz Miguel Andrade,1956-04-01,M,luiz.andrade@email.com,81 3999-2192
275,934.150.286-15,Srta. Carolina da Luz,1944-10-12,F,srta..luz@email.com,(011) 0566-4187
276,039.284.517-23,Luiz Miguel Moreira,1971-04-25,M,luiz.moreira@email.com,+55 (071) 5190-3613
277,418.035.627-90,Enzo Farias,2001-11-04,M,enzo.farias@email.com,+55 61 3173-5058
278,971.534.062-80,Ana Sophia Vasconcelos,2007-01-12,F,ana.vasconcelos@email.com,+55 (051) 6512 0704
279,108.235.769-30,Pedro Azevedo,1960-07-06,M,pedro.azevedo@email.com,0300-907-6769
280,075.419.632-16,Carlos Eduardo Fernandes,1984-12-29,M,carlos.fernandes@email.com,+55 (071) 9284-5679
281,208.194.356-51,Francisco da Cruz,1965-10-28,M,francisco.cruz@email.com,0800 822 7495
282,820.145.769-20,Léo Albuquerque,1957-12-11,M,leo.albuquerque@email.com,+55 (081) 3153-7795
283,465.103.789-57,Lucas Gabriel Pimenta,2007-04-02,M,lucas.pimenta@email.com,+55 (011) 3379 3375
284,205.869.743-00,Sra. Gabrielly Guerra,1954-05-04,F,sra..guerra@email.com,(021) 7395 0033
285,425.691.708-01,Erick Câmara,1956-08-18,M,erick.camara@email.com,+55 71 1026-1534
286,526.907.148-76,Isaque Freitas,1957-09-10,M,isaque.freitas@email.com,61 6559-6309
287,425.108.693-70,Esther Nascimento,1958-11-20,F,esther.nascimento@email.com,+55 21 7912 8685
288,258.473.619-55,Stella Martins,1984-03-13,F,stella.martins@email.com,71 9033 3736
289,625.840.173-26,Lorena Lima,1974-11-24,F,lorena.lima@email.com,41 5390-7895
290,695.832.410-24,Rael Martins,1956-11-13,M,rael.martins@email.com,(031) 3415-1488
291,431.062.598-33,Anna Liz Viana,1967-05-12,F,anna.viana@email.com,+55 (081) 5444-3928
292,495.637.018-01,Alexia Vargas,2003-07-18,F,alexia.vargas@email.com,61 3337 3898
293,153.786.942-64,Ravi Fernandes,2002-09-10,M,ravi.fernandes@email.com,84 0529-2407
294,698.754.210-49,Sra. Maitê Câmara,1983-04-10,F,sra..camara@email.com,+55 (051) 2259 9996
295,186.930.257-59,Gabrielly Gonçalves,1988-02-18,F,gabrielly.goncalves@email.com,(031) 1218 2097
296,164.982.053-42,Ester Costa,1969-09-25,F,ester.costa@email.com,41 0256-6212
297,163.982.745-55,Otto Mendes,1955-06-15,M,otto.mendes@email.com,0500-949-3874
298,716.489.235-00,Alana Casa Grande,1975-12-19,F,alana.grande@email.com,(061) 9014-7546
299,326.971.045-34,Erick Leão,1960-12-16,M,erick.leao@email.com,+55 (031) 4841-3768
300,185.369.207-77,Maria Eduarda Barbosa,1976-02-06,F,maria.barbosa@email.com,+55 (041) 1765 6360
301,257.360.498-56,Isis Camargo,1993-03-17,F,isis.camargo@email.com,(031) 2742-2091
302,862.059.741-85,Juan Campos,1969-01-06,M,juan.campos@email.com,+55 (051) 3083-7081
303,098.631.457-93,Leandro Macedo,1958-04-04,M,leandro.macedo@email.com,+55 31 0600 5313
304,206.489.735-65,Enzo Silveira,1987-02-27,M,enzo.silveira@email.com,+55 (084) 8661-3315
305,650.319.874-48,Emanuella Albuquerque,1988-11-16,F,emanuella.albuquerque@email.com,0900-501-3649
306,824.079.356-83,Bella Silva,1967-03-31,F,bella.silva@email.com,+55 (051) 5715-0997
307,380.174.569-48,Thomas Porto,1994-11-11,M,thomas.porto@email.com,(011) 3910-2574
308,309.547.281-14,Dom Garcia,1966-04-04,M,dom.garcia@email.com,+55 (061) 8640 3553
309,396.421.850-24,Ágatha Aragão,1949-01-17,F,agatha.aragao@email.com,(084) 1302-3212
310,391.856.204-24,Yan Vieira,1961-04-25,M,yan.vieira@email.com,(011) 2934-4973
311,568.139.427-19,Rodrigo Barros,1996-05-21,M,rodrigo.barros@email.com,+55 (021) 7066-1498
312,674.329.801-87,Emanuella da Cunha,1953-12-12,F,emanuella.cunha@email.com,(071) 3230-0857
313,567.294.013-70,Oliver Gonçalves,2007-05-13,M,oliver.goncalves@email.com,+55 71 6923 6458
314,068.517.394-10,Dr. Léo Sampaio,1987-08-02,M,dr..sampaio@email.com,+55 (041) 2497 2439
315,196.354.027-16,Enrico Albuquerque,2004-04-05,M,enrico.albuquerque@email.com,(011) 2644-8869
316,195.682.743-91,Noah Sá,1992-03-19,M,noah.sa@email.com,(041) 0270 1168
317,628.715.430-62,João Pedro Siqueira,1978-11-07,M,joao.siqueira@email.com,+55 61 7932 3023
318,912.076.348-40,Nicolas Macedo,1949-01-08,M,nicolas.macedo@email.com,(081) 0937 7100
319,901.748.326-13,Alana Rios,1977-09-18,F,alana.rios@email.com,(071) 5965-5553
320,905.628.417-76,Maria Liz Garcia,1993-12-31,F,maria.garcia@email.com,+55 84 0918 4357
321,630.527.941-16,Olívia Moraes,1990-10-13,F,olivia.moraes@email.com,(031) 3976-9156
322,643.518.079-20,Beatriz Siqueira,1998-11-15,F,beatriz.siqueira@email.com,+55 31 4872 7178
323,218.350.769-12,Isabelly Cunha,1996-10-17,F,isabelly.cunha@email.com,+55 84 3471-2871
324,915.376.402-16,Sra. Heloisa Oliveira,1962-04-12,F,sra..oliveira@email.com,+55 61 4111 5931
325,560.274.138-08,Léo Cardoso,1966-05-26,M,leo.cardoso@email.com,21 2899 3160
326,243.756.198-64,Raul Dias,1954-07-29,M,raul.dias@email.com,+55 (051) 9548 1497
327,605.179.428-01,Srta. Sabrina da Rocha,2007-06-21,F,srta..rocha@email.com,+55 (051) 7642-0865
328,691.452.830-60,Olívia Ferreira,1992-05-11,F,olivia.ferreira@email.com,81 6125-9047
329,742.165.083-08,Sr. Davi Miguel Macedo,1990-10-22,M,sr..macedo@email.com,+55 (011) 6620-1572
330,562.983.107-03,Bárbara Moraes,1961-01-14,F,barbara.moraes@email.com,61 7492 6176
331,018.963.754-48,Pedro Miguel Freitas,1963-04-11,M,pedro.freitas@email.com,+55 41 9267 6492
332,826.750.391-95,Lunna Azevedo,1948-12-31,F,lunna.azevedo@email.com,41 9813-1292
333,102.495.876-02,Melissa Dias,2002-08-03,F,melissa.dias@email.com,+55 (051) 1184 5826
334,084.573.126-26,Srta. Isadora da Rosa,1991-12-13,F,srta..rosa@email.com,(051) 8598 8310
335,243.185.697-64,Arthur Miguel Correia,1963-07-11,M,arthur.correia@email.com,+55 81 9618 4462
336,462.910.738-03,Rafael Barros,1993-04-07,M,rafael.barros@email.com,31 9892 6256
337,314.076.958-00,Amanda Pereira,1988-03-18,F,amanda.pereira@email.com,+55 31 5542 3401
338,192.457.308-32,Hellena Garcia,1992-04-24,F,hellena.garcia@email.com,0500 484 9102
339,586.341.207-08,Maria Julia Cirino,1989-05-24,F,maria.cirino@email.com,+55 81 2694 0539
340,759.428.360-00,Raul Cirino,1965-06-01,M,raul.cirino@email.com,+55 31 4651 1131
341,487.603.192-40,Ana Laura Barros,1979-09-11,F,ana.barros@email.com,61 1609-3068
342,807.154.692-58,Sra. Isabelly Sousa,1969-08-17,F,sra..sousa@email.com,+55 84 8506 7625
343,381.269.570-77,Lucca Rocha,1944-10-19,M,lucca.rocha@email.com,0300 634 8079
344,075.269.413-80,Benjamin Fogaça,1972-01-04,M,benjamin.fogaca@email.com,11 0167 3188
345,702.659.134-70,Noah Campos,1970-02-13,M,noah.campos@email.com,(031) 5628 4177
346,605.971.834-57,Cecilia Fogaça,1947-05-22,F,cecilia.fogaca@email.com,+55 84 6650 2374
347,872.934.506-56,Mariah Mendonça,1951-12-28,F,mariah.mendonca@email.com,+55 (031) 2258 0305
348,748.306.125-17,Anthony Lopes,1994-04-10,M,anthony.lopes@email.com,31 2341-4363
349,823.641.509-06,Cauã Sampaio,1971-12-15,M,caua.sampaio@email.com,+55 (051) 4326 0931
350,843.127.906-04,Maria Helena Jesus,1988-06-18,F,maria.jesus@email.com,+55 (071) 4145 4563
351,098.562.134-60,Ana Julia Cirino,1963-09-18,F,ana.cirino@email.com,0500-162-4755
352,082.765.491-01,Daniel Brito,1958-12-10,M,daniel.brito@email.com,0800 611 2910
353,718.462.539-00,Gabriel Correia,1996-06-07,M,gabriel.correia@email.com,+55 (081) 8202-3684
354,716.035.948-84,Luiz Felipe Fonseca,1992-01-22,M,luiz.fonseca@email.com,+55 81 4090 3678
355,786.435.209-00,Breno Cavalcante,1944-11-22,M,breno.cavalcante@email.com,+55 (031) 9390-8788
356,491.760.538-57,Liz Câmara,1988-03-04,F,liz.camara@email.com,+55 (011) 4240-3381
357,958.074.236-74,Manuella Pires,1972-06-08,F,manuella.pires@email.com,0800-450-0534
358,816.524.930-42,José Miguel Almeida,1966-09-18,M,jose.almeida@email.com,+55 81 3962-7365
359,729.165.380-03,Pietra Borges,1988-09-18,F,pietra.borges@email.com,(011) 0422 6931
360,376.054.128-35,Ana Sophia Lima,1985-09-13,F,ana.lima@email.com,+55 41 6601 0023
361,908.674.235-10,João Felipe Casa Grande,1958-06-01,M,joao.grande@email.com,+55 84 7972 4572
362,481.065.297-11,Ana Laura Nogueira,1954-04-20,F,ana.nogueira@email.com,+55 (011) 3036 6254
363,172.096.854-30,Maria Isis Rodrigues,1986-07-19,F,maria.rodrigues@email.com,(071) 1510 9226
364,269.587.410-30,Lucas Gabriel Peixoto,1963-02-05,M,lucas.peixoto@email.com,11 5410-2252
365,718.432.905-88,Pietro Silveira,1953-04-29,M,pietro.silveira@email.com,+55 (061) 6557-6769
366,368.497.520-65,Sra. Cecilia Rezende,1970-10-27,F,sra..rezende@email.com,+55 21 9689 3135
367,587.109.264-02,Gustavo Almeida,1964-09-13,M,gustavo.almeida@email.com,(051) 2863-3302
368,065.978.413-01,Cecília Garcia,1946-09-14,F,cecilia.garcia@email.com,+55 (011) 5213-1096
369,284.369.570-83,Fernando Melo,1964-02-29,M,fernando.melo@email.com,+55 61 2009 2820
370,784.962.130-13,Otávio Rodrigues,1963-02-23,M,otavio.rodrigues@email.com,+55 31 8623 6903
371,817.326.405-80,Francisco Souza,1999-04-26,M,francisco.souza@email.com,31 6341 1159
372,421.079.653-07,Ana da Costa,1982-03-11,F,ana.costa@email.com,+55 (081) 0341-9909
373,514.029.376-52,Augusto Aragão,1966-01-18,M,augusto.aragao@email.com,61 5215 6818
374,670.215.389-95,Apollo Pastor,1993-07-16,M,apollo.pastor@email.com,+55 31 3228-8985
375,456.083.172-62,Caroline Fernandes,1955-01-07,F,caroline.fernandes@email.com,0300 710 2481
376,524.108.769-94,Calebe Marques,1949-06-28,M,calebe.marques@email.com,+55 (051) 7474-7219
377,468.791.352-00,Asafe Fonseca,1970-01-28,M,asafe.fonseca@email.com,+55 21 6874 0903
378,462.930.157-70,Sr. Eduardo Caldeira,1990-03-08,M,sr..caldeira@email.com,+55 31 5778 7112
379,639.207.481-31,Sr. Miguel Vargas,1959-02-13,M,sr..vargas@email.com,(071) 1470-8272
380,069.823.475-83,Sr. Liam Nunes,1959-01-15,M,sr..nunes@email.com,+55 (031) 6442 1214
381,763.521.094-70,Bruno da Rosa,1967-12-03,M,bruno.rosa@email.com,(031) 2356 7782
382,960.481.723-03,Sra. Maria Sales,1966-09-05,F,sra..sales@email.com,(051) 0272 7516
383,072.534.968-92,Stephany Silveira,1995-05-24,F,stephany.silveira@email.com,+55 (071) 6829-6353
384,504.278.361-07,Anthony Gabriel Freitas,1972-10-28,M,anthony.freitas@email.com,81 5586 8512
385,289.435.761-37,Mariane Freitas,1987-10-19,F,mariane.freitas@email.com,(011) 9111 1096
386,981.534.027-14,Sara Souza,2002-08-10,F,sara.souza@email.com,84 3378 6137
387,768.021.543-07,Marcela Vieira,1965-07-26,F,marcela.vieira@email.com,84 3060 0025
388,263.471.508-08,Liam Farias,1953-06-02,M,liam.farias@email.com,51 2658 2631
389,964.871.203-40,Sr. Thiago Campos,1950-12-30,M,sr..campos@email.com,+55 (041) 6092 0981
390,275.168.903-59,Maria Helena Alves,1994-01-27,F,maria.alves@email.com,41 4041 2091
391,192.768.034-40,Natália Peixoto,2002-02-15,F,natalia.peixoto@email.com,21 3617 0617
392,695.731.480-48,Sr. Gustavo Henrique Rodrigues,2006-02-21,M,sr..rodrigues@email.com,+55 (051) 9901-5579
393,284.017.693-96,Yago Abreu,1979-11-24,M,yago.abreu@email.com,31 2351-3052
394,248.310.965-98,Antonella Siqueira,1976-06-06,F,antonella.siqueira@email.com,11 6863-4234
395,942.613.857-91,Cauã Pacheco,1985-03-24,M,caua.pacheco@email.com,+55 81 5919-6639
396,172.048.395-79,Marcelo Pires,1971-10-02,M,marcelo.pires@email.com,+55 (041) 1256 2531
397,251.096.847-58,Maria Fernanda Freitas,1983-04-07,F,maria.freitas@email.com,(061) 3816 4938
398,416.532.907-06,Cauã Novais,1948-01-11,M,caua.novais@email.com,11 7046-1172
399,630.274.519-52,Lunna Pastor,1953-07-26,F,lunna.pastor@email.com,71 0880 5017
400,495.623.071-07,Oliver Silveira,1978-04-02,M,oliver.silveira@email.com,0800-064-7715
401,308.172.954-88,Bella Alves,1950-08-21,F,bella.alves@email.com,+55 (071) 5800-4010
402,564.918.302-33,Ana Vitória da Luz,1966-05-19,F,ana.luz@email.com,+55 (011) 9671-8839
403,573.029.618-59,Samuel da Mota,1989-07-11,M,samuel.mota@email.com,+55 (084) 1170-3037
404,153.648.297-82,Esther Mendonça,1989-03-29,F,esther.mendonca@email.com,+55 (021) 8123-5679
405,631.287.950-02,Gabriela Vasconcelos,1954-09-02,F,gabriela.vasconcelos@email.com,(061) 1130-7240
406,541.802.396-98,Vinícius Machado,1971-08-29,M,vinicius.machado@email.com,21 6850-7451
407,634.189.257-82,Maria Helena Siqueira,1979-12-10,F,maria.siqueira@email.com,(021) 1031-3100
408,189.274.356-64,Juliana da Costa,1951-07-17,F,juliana.costa@email.com,+55 21 4732-3549
409,287.591.430-88,Alexandre Brito,1955-12-27,M,alexandre.brito@email.com,+55 (061) 5720-7650
410,205.348.671-62,Julia Barbosa,1952-02-03,F,julia.barbosa@email.com,+55 (061) 0943 8822
411,578.924.631-19,Carlos Eduardo da Rosa,1961-11-25,M,carlos.rosa@email.com,21 7054 5897
412,802.315.749-32,Júlia Rodrigues,1961-04-11,F,julia.rodrigues@email.com,0500 653 1361
413,824.596.371-28,Ísis Machado,1963-06-13,F,isis.machado@email.com,(041) 3098 5916
414,107.593.624-16,Luiz Felipe da Paz,1987-02-05,M,luiz.paz@email.com,84 2474-1407
415,910.327.684-87,Helena da Paz,1948-01-17,F,helena.paz@email.com,+55 61 2548-8214
416,914.803.256-51,Gael Henrique Lopes,1973-05-27,M,gael.lopes@email.com,71 1449 4296
417,342.981.750-14,Dr. Davi Miguel Rodrigues,1964-11-18,M,dr..rodrigues@email.com,0300 782 6612
418,589.326.417-73,Melina Sales,1976-01-15,F,melina.sales@email.com,+55 (041) 8061 2943
419,284.031.596-33,Sophie Freitas,1976-02-22,F,sophie.freitas@email.com,41 7010-4159
420,750.984.623-47,Lavínia Nunes,1979-10-12,F,lavinia.nunes@email.com,+55 (011) 8723-2440
421,102.486.537-17,Guilherme Camargo,1951-09-13,M,guilherme.camargo@email.com,(071) 0876-0146
422,847.659.013-00,Francisco da Costa,1987-12-10,M,francisco.costa@email.com,+55 (031) 2232 8837
423,175.823.460-17,Lavínia da Rocha,1976-03-21,F,lavinia.rocha@email.com,84 6204 7196
424,970.213.458-79,Kevin Andrade,1955-06-03,M,kevin.andrade@email.com,11 8835 8681
425,957.812.460-02,Clarice Fogaça,2006-12-29,F,clarice.fogaca@email.com,(081) 6792-9884
426,956.078.142-11,Lorenzo Pastor,1989-12-02,M,lorenzo.pastor@email.com,+55 51 7753 3126
427,941.056.378-00,Ana Luiza Araújo,2007-06-30,F,ana.araujo@email.com,+55 (051) 5176-2983
428,743.156.920-34,Isis Mendonça,1950-07-02,F,isis.mendonca@email.com,0800 013 0205
429,527.164.389-19,Yago Barbosa,1968-11-27,M,yago.barbosa@email.com,0900-821-7661
430,841.037.629-69,Bruno Cardoso,1946-03-08,M,bruno.cardoso@email.com,+55 21 4465-1241
431,984.370.521-14,Isabella Moreira,2007-01-28,F,isabella.moreira@email.com,+55 71 0056-4350
432,503.784.916-01,Gustavo Novaes,1972-12-21,M,gustavo.novaes@email.com,0300-918-7240
433,835.962.104-70,Ana Carolina Monteiro,1946-06-11,F,ana.monteiro@email.com,+55 (081) 8960-8706
434,682.039.714-31,Carolina Lopes,1967-12-31,F,carolina.lopes@email.com,(021) 0331-9036
435,301.879.546-66,Dra. Ana Clara Albuquerque,1966-01-09,F,dra..albuquerque@email.com,(084) 9342 9671
436,837.562.194-37,Sr. Breno da Cunha,1969-08-14,M,sr..cunha@email.com,81 4384-5881
437,974.015.836-66,Manuella Jesus,1952-12-31,F,manuella.jesus@email.com,31 2037 7107
438,964.805.231-05,Júlia da Mota,1978-05-11,F,julia.mota@email.com,+55 (031) 6670 3362
439,405.892.736-47,Sra. Yasmin Aragão,1996-03-06,F,sra..aragao@email.com,+55 (041) 5966 0186
440,684.135.902-05,Dr. Vitor Martins,1963-10-01,M,dr..martins@email.com,+55 84 1384-5960
441,490.728.516-76,João Guilherme Fonseca,1974-11-06,M,joao.fonseca@email.com,(061) 0707-0578
442,914.762.083-87,Maria Luísa Araújo,1962-03-16,F,maria.araujo@email.com,+55 84 4723-2290
443,027.489.163-87,Danilo Rezende,1962-03-02,M,danilo.rezende@email.com,+55 (031) 5809 3511
444,813.924.576-37,Melina Camargo,1949-07-04,F,melina.camargo@email.com,(011) 4205-9556
445,902.786.145-58,Dr. Ravy da Rocha,1951-11-17,M,dr..rocha@email.com,0500-358-8953
446,261.074.398-03,Arthur Gabriel Ribeiro,2002-04-30,M,arthur.ribeiro@email.com,51 0978 8754
447,539.182.047-23,Juan da Cruz,1974-12-06,M,juan.cruz@email.com,81 5158 8157
448,632.418.579-64,Ian Machado,1998-10-22,M,ian.machado@email.com,(011) 5511 6682
449,327.016.958-21,Sabrina Pires,1995-03-14,F,sabrina.pires@email.com,+55 41 2060 2128
450,526.941.807-01,Maria Julia Lima,2005-09-19,F,maria.lima@email.com,(081) 9991 0157
451,647.519.032-25,Rael Sousa,1985-01-14,M,rael.sousa@email.com,0900 576 5728
452,475.098.312-88,Dr. Calebe da Conceição,1970-10-14,M,dr..conceicao@email.com,(051) 2203 6849
453,542.079.316-43,Levi Brito,2004-11-23,M,levi.brito@email.com,+55 (041) 4491-3421
454,208.461.753-71,Yuri Moraes,1969-10-17,M,yuri.moraes@email.com,+55 (084) 4967-8274
455,674.012.953-34,Dante Macedo,1995-04-19,M,dante.macedo@email.com,+55 21 1528-5478
456,615.840.732-17,Srta. Luara Andrade,1984-07-19,F,srta..andrade@email.com,41 3347 2727
457,183.076.524-80,Davi Lucca Costa,1992-12-17,M,davi.costa@email.com,+55 (051) 0649-6935
458,243.957.861-46,Vinícius Ribeiro,1985-05-01,M,vinicius.ribeiro@email.com,11 8741 3146
459,612.370.598-95,Lunna da Cruz,1992-08-11,F,lunna.cruz@email.com,+55 81 7796 3044
460,605.279.314-70,Helena Viana,1973-08-01,F,helena.viana@email.com,71 4047 3504
461,923.650.847-29,Maria Luísa Câmara,1993-10-18,F,maria.camara@email.com,+55 (031) 6155 8108
462,326.751.804-08,Luiz Miguel Nascimento,1967-03-17,M,luiz.nascimento@email.com,81 3830 0081
463,702.968.154-11,Maria Laura Vieira,1946-12-12,F,maria.vieira@email.com,+55 81 1662-4111
464,082.954.361-98,Oliver Almeida,1998-01-19,M,oliver.almeida@email.com,(061) 6804 4731
465,461.739.285-82,Ravy Garcia,2006-06-01,M,ravy.garcia@email.com,61 8360-7658
466,906.713.258-68,Sr. Rael Câmara,1988-05-23,M,sr..camara@email.com,(041) 5211 8237
467,267.458.103-44,Josué Barros,1961-10-19,M,josue.barros@email.com,81 4520 5996
468,387.492.156-55,Juliana Sales,1992-11-20,F,juliana.sales@email.com,(081) 8811-6162
469,123.705.694-25,Enrico Moreira,1987-04-05,M,enrico.moreira@email.com,51 7286 6041
470,485.926.103-89,Laís Silveira,1980-04-03,F,lais.silveira@email.com,+55 (084) 9589-4773
471,870.231.459-23,Davi Luiz Cavalcante,1945-01-11,M,davi.cavalcante@email.com,(041) 3318 7510
472,215.748.930-41,Nina Peixoto,1957-10-04,F,nina.peixoto@email.com,+55 84 4694-5964
473,312.058.764-80,Vitor Hugo Ramos,1983-01-02,M,vitor.ramos@email.com,+55 51 2896 5999
474,203.184.659-06,Renan Costela,1977-01-01,M,renan.costela@email.com,+55 (011) 5102 8767
475,136.875.294-28,Liz Montenegro,1980-10-05,F,liz.montenegro@email.com,+55 21 9324 2687
476,186.529.047-58,José Rodrigues,1997-02-04,M,jose.rodrigues@email.com,(084) 6398 3652
477,583.042.961-60,Sr. Gael Henrique Macedo,2006-12-20,M,sr..macedo@email.com,+55 61 8094-0476
478,097.453.681-48,José da Mota,1995-09-06,M,jose.mota@email.com,71 1050-9222
479,079.284.653-29,Mariah Campos,1967-04-15,F,mariah.campos@email.com,(051) 2958 0660
480,824.013.657-53,Evelyn Teixeira,1991-07-08,F,evelyn.teixeira@email.com,21 6204-4851
481,179.068.534-66,Nina Nunes,1984-11-16,F,nina.nunes@email.com,+55 (031) 2035 7134
482,064.128.579-58,Sr. Davi Lucca das Neves,2001-06-27,M,sr..neves@email.com,+55 (071) 4324-4741
483,597.681.024-11,Luiz Gustavo Pacheco,1955-03-31,M,luiz.pacheco@email.com,61 9365-4358
484,834.192.057-32,Juliana Borges,1976-12-26,F,juliana.borges@email.com,+55 84 7955 9690
485,502.367.498-38,Bella Pires,1957-05-19,F,bella.pires@email.com,11 4278 2079
486,673.259.418-46,Pedro Henrique Siqueira,1965-01-27,M,pedro.siqueira@email.com,+55 (061) 3816 6496
487,824.756.190-58,Arthur Castro,1953-06-27,M,arthur.castro@email.com,(071) 0142 5762
488,239.760.145-16,Agatha Ribeiro,1974-05-10,F,agatha.ribeiro@email.com,+55 31 3285 0725
489,637.589.104-39,Ravy Novaes,1953-05-23,M,ravy.novaes@email.com,(051) 2654 6968
490,903.415.267-70,Manuella Mendonça,1978-10-09,F,manuella.mendonca@email.com,+55 (011) 9961 3273
491,615.378.904-84,Heitor da Rosa,1965-10-26,M,heitor.rosa@email.com,51 7046 2268
492,516.708.294-30,Nina Barros,1991-05-09,F,nina.barros@email.com,(051) 0766-0464
493,579.642.031-34,Sr. Rael Montenegro,1980-10-30,M,sr..montenegro@email.com,51 1205 9438
494,074.963.815-00,Mirella Lopes,2005-02-26,F,mirella.lopes@email.com,0300-546-5408
495,560.329.748-47,Emanuelly da Rocha,1968-12-16,F,emanuelly.rocha@email.com,+55 (051) 8632 1812
496,457.891.302-32,Sr. Thales Lopes,1966-11-15,M,sr..lopes@email.com,31 0291 6815
497,024.569.378-56,Dr. Otávio Guerra,1983-07-01,M,dr..guerra@email.com,+55 71 4988-3059
498,642.780.351-44,Helena Teixeira,1963-03-16,F,helena.teixeira@email.com,+55 (011) 6306 2447
499,390.521.764-34,Liam Brito,1994-03-14,M,liam.brito@email.com,0500-796-9586
500,598.631.724-64,Anthony Gabriel Fernandes,1958-12-25,M,anthony.fernandes@email.com,61 2646-0917
501,385.267.941-91,Manuella Barros,1946-08-29,F,manuella.barros@email.com,+55 (021) 9929-5966
502,736.418.095-84,João Miguel Novais,1959-07-04,M,joao.novais@email.com,+55 11 1942-2686
503,945.620.731-52,Helena Leão,1959-12-19,F,helena.leao@email.com,71 7747 2264
504,721.346.590-25,Yasmin Farias,1987-12-16,F,yasmin.farias@email.com,+55 (041) 9329 9819
505,532.498.016-15,Nicolas Almeida,1995-03-17,M,nicolas.almeida@email.com,0300-688-3275
506,352.708.169-03,Srta. Emanuella Melo,1975-11-24,F,srta..melo@email.com,+55 51 9732 7819
507,710.593.486-75,Eduarda da Cruz,1997-12-07,F,eduarda.cruz@email.com,84 4819 8077
508,056.843.792-65,Sr. João Vitor Gonçalves,1954-08-01,M,sr..goncalves@email.com,+55 71 9125-6523
509,159.386.742-55,Gustavo Henrique da Luz,1964-09-28,M,gustavo.luz@email.com,(031) 5749-4902
510,035.427.689-10,Vicente da Paz,1983-04-11,M,vicente.paz@email.com,(041) 7742 2294
511,309.421.865-24,Jade Porto,1993-09-21,F,jade.porto@email.com,31 8679-2529
512,567.914.308-93,Levi Moreira,2005-09-12,M,levi.moreira@email.com,41 0153 4332
513,357.940.128-97,Dante Rezende,1969-05-22,M,dante.rezende@email.com,+55 (051) 6158 1488
514,783.126.409-40,Dra. Anna Liz Araújo,1956-09-21,F,dra..araujo@email.com,+55 (061) 9484 1312
515,398.467.502-00,Liz Araújo,1966-05-07,F,liz.araujo@email.com,+55 11 3717 1731
516,740.839.526-10,Helena Peixoto,1984-09-22,F,helena.peixoto@email.com,0800-704-6947
517,784.526.139-46,Srta. Luísa Montenegro,1990-10-10,F,srta..montenegro@email.com,84 8471-2705
518,291.638.074-40,Olivia Monteiro,1988-01-21,F,olivia.monteiro@email.com,61 2313-3484
519,143.859.207-88,Vitória Melo,1996-10-19,F,vitoria.melo@email.com,61 2292 5879
520,479.216.835-09,João Felipe da Conceição,2001-01-28,M,joao.conceicao@email.com,(051) 7469 6606
521,274.051.893-50,Nicolas Fogaça,1964-09-16,M,nicolas.fogaca@email.com,31 0566 5883
522,418.762.395-73,Theodoro Macedo,1947-10-12,M,theodoro.macedo@email.com,51 7349 9601
523,857.203.169-30,Luigi da Mota,1966-09-25,M,luigi.mota@email.com,81 2294 9381
524,984.762.035-00,Isabelly Duarte,2003-11-25,F,isabelly.duarte@email.com,(051) 5732 5737
525,490.173.862-31,Lucas Gabriel Costa,1998-12-16,M,lucas.costa@email.com,+55 (071) 8085 0960
526,874.920.653-29,Luan Vieira,1982-08-22,M,luan.vieira@email.com,+55 61 8281 9793
527,792.580.163-86,Marina da Mota,1975-07-19,F,marina.mota@email.com,51 6069 4096
528,562.714.839-09,Alexia Câmara,1989-02-15,F,alexia.camara@email.com,+55 (081) 9592-3234
529,802.479.516-76,Carlos Eduardo Alves,1989-06-08,M,carlos.alves@email.com,+55 (084) 3426-4335
530,160.359.874-00,Cecilia Macedo,1974-06-29,F,cecilia.macedo@email.com,71 3369 1128
531,231.854.967-28,Stella Campos,1972-11-24,F,stella.campos@email.com,+55 (071) 3185-7481
532,698.702.415-49,Allana Abreu,1974-03-11,F,allana.abreu@email.com,(031) 3167 0450
533,902.415.387-50,Isadora Cavalcanti,1985-03-21,F,isadora.cavalcanti@email.com,+55 (084) 4596-2622
534,251.670.348-17,Dom Sousa,1972-02-12,M,dom.sousa@email.com,31 4950 0507
535,086.745.192-02,Cecília Jesus,1945-08-31,F,cecilia.jesus@email.com,(084) 3161 1776
536,904.362.157-99,Pedro Lucas Carvalho,1986-05-28,M,pedro.carvalho@email.com,+55 41 7793 2382
537,196.240.853-15,Heloisa Ribeiro,1957-03-18,F,heloisa.ribeiro@email.com,(031) 5798 8942
538,206.581.479-94,Mariana Freitas,1987-11-01,F,mariana.freitas@email.com,+55 (051) 3265 0977
539,967.134.258-28,Esther Pires,1952-08-31,F,esther.pires@email.com,+55 84 8552-4578
540,584.023.697-74,Aylla Rios,1951-01-31,F,aylla.rios@email.com,+55 31 7118-4254
541,182.349.570-23,Maya Novaes,1997-06-13,F,maya.novaes@email.com,+55 (031) 3589 2988
542,832.710.564-71,Vitor Fonseca,2002-01-11,M,vitor.fonseca@email.com,+55 (021) 8963-4064
543,795.182.036-95,Stephany Leão,1992-11-06,F,stephany.leao@email.com,84 4399-1062
544,362.598.104-15,Rodrigo Castro,1949-06-13,M,rodrigo.castro@email.com,+55 21 4261-9237
545,501.426.897-85,João Guilherme Teixeira,1960-06-12,M,joao.teixeira@email.com,(031) 4189-7215
546,417.398.650-57,Asafe Garcia,1980-03-24,M,asafe.garcia@email.com,+55 51 1995 3766
547,498.572.361-46,Bella Vargas,1968-12-01,F,bella.vargas@email.com,+55 21 0173 9739
548,786.493.025-56,João Felipe Caldeira,1984-10-27,M,joao.caldeira@email.com,+55 41 9113 5996
549,790.356.842-65,Asafe Ferreira,1946-04-17,M,asafe.ferreira@email.com,(071) 1460 7455
550,705.392.186-77,Josué da Mota,1995-01-20,M,josue.mota@email.com,71 5271 5598
551,196.243.850-33,Srta. Luiza das Neves,1962-08-29,F,srta..neves@email.com,(084) 5575-2250
552,489.675.130-20,Esther Pacheco,1958-03-01,F,esther.pacheco@email.com,+55 31 1964 2585
553,149.273.086-69,Catarina Gomes,1990-01-27,F,catarina.gomes@email.com,+55 84 0733-3373
554,307.695.148-39,Alice da Rocha,2002-05-07,F,alice.rocha@email.com,41 9696-4546
555,589.071.236-59,Maria Clara da Costa,1998-10-14,F,maria.costa@email.com,61 9218-7851
556,583.724.019-50,Heloísa Silveira,1978-06-24,F,heloisa.silveira@email.com,0900 612 0878
557,215.079.436-52,Srta. Manuella Mendes,1993-03-17,F,srta..mendes@email.com,0300-762-6374
558,386.145.209-05,Kevin Farias,1993-02-08,M,kevin.farias@email.com,11 9119 1862
559,290.537.846-83,Sr. Josué Peixoto,1972-02-10,M,sr..peixoto@email.com,0500 666 7252
560,264.301.975-06,Leonardo Fogaça,1960-01-27,M,leonardo.fogaca@email.com,(084) 1571 8409
561,512.046.987-67,Ana Liz Rodrigues,1965-06-28,F,ana.rodrigues@email.com,+55 (041) 9951 2397
562,512.476.830-44,Zoe Cunha,1979-03-04,F,zoe.cunha@email.com,+55 (021) 7090-8144
563,289.031.475-88,Marcela Rodrigues,1975-08-03,F,marcela.rodrigues@email.com,81 6718-1535
564,360.279.584-56,Isaque Mendonça,1989-10-19,M,isaque.mendonca@email.com,(061) 8998 8683
565,734.586.910-57,Luna Carvalho,1978-01-09,F,luna.carvalho@email.com,+55 (041) 7158 7964
566,089.172.643-87,Laura Vargas,1994-12-15,F,laura.vargas@email.com,+55 (071) 8004 6358
567,892.470.163-04,Maya Sousa,1957-04-14,F,maya.sousa@email.com,+55 21 5137-3990
568,140.952.637-25,Mateus Costela,1969-12-12,M,mateus.costela@email.com,71 0229 3946
569,460.385.271-17,Dr. Gustavo Rezende,1961-11-22,M,dr..rezende@email.com,0300-060-7231
570,712.498.536-64,Sr. Danilo Castro,1964-01-11,M,sr..castro@email.com,61 4494-1163
571,280.367.459-92,Theo Costa,2001-05-04,M,theo.costa@email.com,51 2113 6957
572,083.612.947-40,Srta. Melina Peixoto,1955-01-15,F,srta..peixoto@email.com,(081) 4257 3066
573,132.597.806-02,João Vitor Montenegro,1949-05-15,M,joao.montenegro@email.com,+55 51 9848 2285
574,160.459.287-76,Daniel Rodrigues,1954-05-31,M,daniel.rodrigues@email.com,+55 51 3060 9069
575,081.953.472-23,Heloisa Teixeira,1975-04-01,F,heloisa.teixeira@email.com,+55 41 7945-7727
576,249.371.560-80,Luiz Miguel Câmara,1974-01-10,M,luiz.camara@email.com,(031) 2076 8362
577,697.538.412-64,Dr. Gustavo Henrique Guerra,1967-08-21,M,dr..guerra@email.com,(061) 6283 3339
578,865.721.304-44,Maria Clara Martins,1952-01-16,F,maria.martins@email.com,71 7496-0335
579,689.130.754-66,Eduarda Ribeiro,1963-04-01,F,eduarda.ribeiro@email.com,0300 269 3265
580,275.468.093-47,Isabelly Sousa,1998-03-15,F,isabelly.sousa@email.com,+55 (084) 1000 5155
581,415.926.387-91,Clarice Cunha,1992-07-12,F,clarice.cunha@email.com,+55 (051) 4418-2226
582,627.581.093-95,Vitor Pinto,2006-07-08,M,vitor.pinto@email.com,(031) 1026-7672
583,927.034.816-40,Luiz Miguel Macedo,2004-12-21,M,luiz.macedo@email.com,31 1229 4621
584,157.048.369-84,Sr. Lorenzo da Rocha,2002-07-30,M,sr..rocha@email.com,+55 61 3848-0752
585,497.320.561-34,Isabella Sampaio,1989-07-09,F,isabella.sampaio@email.com,+55 21 5802 9090
586,768.052.314-26,Maria Helena Costa,1999-04-21,F,maria.costa@email.com,31 6652-5483
587,179.652.034-99,João Miguel da Mata,1999-07-06,M,joao.mata@email.com,+55 51 3125 1293
588,051.743.289-79,Breno Albuquerque,1986-05-02,M,breno.albuquerque@email.com,+55 71 0231 2110
589,016.254.839-70,Igor Costela,1992-11-04,M,igor.costela@email.com,11 9274-9072
590,234.175.690-52,Alana Barros,1992-06-23,F,alana.barros@email.com,+55 11 3253 2694
591,436.271.059-07,Noah Montenegro,1963-10-20,M,noah.montenegro@email.com,+55 (031) 1017-5096
592,158.764.029-58,Pietro Albuquerque,1994-02-17,M,pietro.albuquerque@email.com,(051) 7575 7475
593,920.583.416-51,Esther da Conceição,2007-06-28,F,esther.conceicao@email.com,71 7772 2660
594,265.031.498-24,Liam Garcia,1959-06-01,M,liam.garcia@email.com,+55 41 0672 4530
595,489.163.752-82,Matteo Castro,2002-08-07,M,matteo.castro@email.com,+55 (031) 7051-1579
596,873.960.254-00,Diego da Costa,1967-09-09,M,diego.costa@email.com,(041) 9691 9284
597,257.063.918-40,Maria Fernanda Sales,1958-11-26,F,maria.sales@email.com,(061) 3574 8595
598,938.617.405-75,Srta. Carolina Duarte,1979-06-02,F,srta..duarte@email.com,+55 41 6295 1877
599,763.821.504-44,Juliana Azevedo,1961-06-05,F,juliana.azevedo@email.com,+55 21 0559-7824
600,983.651.047-84,Raquel Dias,1994-09-12,F,raquel.dias@email.com,+55 (071) 8843-6604
601,408.563.712-62,Gustavo Casa Grande,1997-06-10,M,gustavo.grande@email.com,+55 (011) 7682-9751
602,374.186.209-69,Mirella da Mota,1948-03-19,F,mirella.mota@email.com,(061) 8752 5680
603,250.896.743-29,Sra. Luna Gonçalves,1993-10-31,F,sra..goncalves@email.com,+55 81 7112 2182
604,598.032.614-60,Sr. Caleb Sá,1981-09-28,M,sr..sa@email.com,+55 (081) 8662 8137
605,438.059.672-92,Danilo Teixeira,1977-03-22,M,danilo.teixeira@email.com,+55 (061) 0332 2855
606,847.053.692-38,Miguel Almeida,1984-10-10,M,miguel.almeida@email.com,+55 (051) 3397 0519
607,632.409.718-87,Thomas Cavalcante,1979-05-31,M,thomas.cavalcante@email.com,51 2394 5354
608,470.395.682-92,Bárbara Rezende,1952-04-26,F,barbara.rezende@email.com,+55 (061) 6133 9439
609,034.179.258-60,Luiz Miguel Martins,2001-02-06,M,luiz.martins@email.com,+55 (061) 5376-5769
610,843.096.572-65,Samuel Mendes,2002-12-23,M,samuel.mendes@email.com,+55 (021) 4047 6921
611,365.029.814-70,Maria Eduarda Cunha,2005-10-16,F,maria.cunha@email.com,+55 71 4247 3107
612,137.645.290-16,Alice Camargo,1992-06-24,F,alice.camargo@email.com,0300 712 3166
613,679.104.523-06,Ana Carolina Monteiro,1997-01-05,F,ana.monteiro@email.com,+55 84 4734-0433
614,067.819.254-58,Sra. Agatha Rezende,1985-05-06,F,sra..rezende@email.com,31 7782 5588
615,562.437.918-82,Lorenzo Sousa,1954-09-11,M,lorenzo.sousa@email.com,11 8656-1942
616,792.084.153-41,Luiz Henrique Ramos,1981-05-30,M,luiz.ramos@email.com,+55 (031) 9236-1618
617,104.759.623-70,Ana Cecília Moreira,1977-12-08,F,ana.moreira@email.com,+55 61 5586 8639
618,137.956.028-40,Maria Luísa Sales,1978-05-07,F,maria.sales@email.com,+55 (011) 1436-4381
619,041.769.852-67,Amanda Almeida,1952-09-28,F,amanda.almeida@email.com,(011) 5609-4565
620,970.538.612-95,Kevin Lima,1946-10-05,M,kevin.lima@email.com,+55 61 7681-6995
621,071.324.965-06,Dr. Apollo Garcia,1993-12-08,M,dr..garcia@email.com,+55 41 7653 9705
622,961.057.824-11,Milena Cunha,1949-05-08,F,milena.cunha@email.com,21 2749-6804
623,872.391.045-32,Bárbara Sampaio,1973-09-08,F,barbara.sampaio@email.com,+55 61 2137 7306
624,604.192.385-06,Dra. Emanuelly Vargas,1999-08-30,F,dra..vargas@email.com,+55 61 1222 9907
625,605.748.319-75,Luiz Otávio Vieira,1963-08-18,M,luiz.vieira@email.com,(021) 8611-1457
626,210.874.695-11,Thiago da Cruz,1975-01-02,M,thiago.cruz@email.com,71 5847-1296
627,324.159.067-43,Ana Cecília da Conceição,1979-05-14,F,ana.conceicao@email.com,+55 (021) 1849 8042
628,397.861.054-00,Isabelly Mendes,1982-04-13,F,isabelly.mendes@email.com,71 1228-2178
629,653.927.014-34,Enzo da Cruz,2003-11-24,M,enzo.cruz@email.com,(061) 6035 6793
630,862.145.790-30,Srta. Pietra Pimenta,1974-02-04,F,srta..pimenta@email.com,0300-061-8120
631,475.298.613-28,Lara Gonçalves,1979-06-14,F,lara.goncalves@email.com,(084) 6989-9927
632,751.286.490-67,Ayla Sales,1965-12-13,F,ayla.sales@email.com,(061) 3935 4358
633,963.841.205-42,Sra. Lara da Luz,1993-02-21,F,sra..luz@email.com,71 8537-9821
634,952.837.164-73,Dr. Josué Costela,1993-06-11,M,dr..costela@email.com,+55 81 9785-2491
635,860.712.354-80,Davi Garcia,1979-06-06,M,davi.garcia@email.com,0300 634 0679
636,651.790.243-07,Renan Lopes,2002-04-19,M,renan.lopes@email.com,+55 (084) 4188 4216
637,908.724.513-05,Asafe Ribeiro,1961-01-10,M,asafe.ribeiro@email.com,+55 31 3999-4853
638,953.176.082-95,Alícia Novaes,1983-07-10,F,alicia.novaes@email.com,0800-471-1363
639,293.805.167-03,Natália Pimenta,1974-04-06,F,natalia.pimenta@email.com,0800 967 3311
640,268.049.153-05,Melina Macedo,1974-05-13,F,melina.macedo@email.com,51 5507 8967
641,216.837.459-73,Gabrielly Freitas,1972-03-19,F,gabrielly.freitas@email.com,+55 84 3436-9709
642,065.239.718-21,Benício Machado,2006-07-08,M,benicio.machado@email.com,(011) 1645-3454
643,389.607.254-47,Emanuel Cavalcante,1950-10-09,M,emanuel.cavalcante@email.com,+55 (031) 1980-4184
644,264.815.370-53,Clarice da Rocha,1980-01-26,F,clarice.rocha@email.com,+55 (084) 3190 9248
645,309.458.671-66,Otávio Cavalcante,2000-04-06,M,otavio.cavalcante@email.com,+55 (051) 8178-5228
646,052.674.983-00,Isabelly Viana,1971-06-13,F,isabelly.viana@email.com,+55 84 2072 2395
647,372.501.486-80,João Lucas Martins,1949-03-19,M,joao.martins@email.com,41 2047 8768
648,785.649.312-73,Maria Luiza Moura,1956-01-03,F,maria.moura@email.com,21 7203-1954
649,645.023.197-16,Maria Sophia Garcia,1974-04-15,F,maria.garcia@email.com,+55 (011) 7924-6320
650,769.532.180-02,Pedro Lucas da Cunha,1972-12-10,M,pedro.cunha@email.com,+55 (071) 3214 5057
651,945.687.301-39,Marina Barbosa,1949-04-05,F,marina.barbosa@email.com,11 5348 2012
652,835.097.241-60,Dr. Bento Alves,1968-04-03,M,dr..alves@email.com,0900-545-0891
653,801.732.546-08,Raquel Lopes,1954-06-11,F,raquel.lopes@email.com,+55 (011) 3196-4630
654,236.418.579-37,Kevin Albuquerque,2006-12-27,M,kevin.albuquerque@email.com,+55 (084) 0120-4713
655,718.532.496-37,Eloah Rocha,1983-12-01,F,eloah.rocha@email.com,84 8558-2984
656,067.284.513-07,Joaquim Câmara,1948-02-20,M,joaquim.camara@email.com,0900 441 2833
657,185.376.429-91,Nicole Cassiano,1964-12-31,F,nicole.cassiano@email.com,+55 21 3297 1506
658,670.298.541-01,Pedro Cassiano,2004-06-21,M,pedro.cassiano@email.com,(084) 6936-6343
659,256.708.439-83,Eloah Fernandes,1954-11-10,F,eloah.fernandes@email.com,71 6712-0072
660,591.072.463-07,Catarina da Rocha,1984-04-24,F,catarina.rocha@email.com,+55 21 0903 2671
661,814.903.257-60,Lavínia Pimenta,1978-06-06,F,lavinia.pimenta@email.com,0500-340-6527
662,496.312.807-13,Maria Alice Moraes,1976-01-15,F,maria.moraes@email.com,+55 (021) 2010-9121
663,145.728.963-64,Davi Lucas Cassiano,1974-04-10,M,davi.cassiano@email.com,81 1894 3705
664,510.723.849-14,Maria Júlia Correia,1989-06-12,F,maria.correia@email.com,61 5725 6592
665,617.280.543-62,Eloah da Cunha,1963-07-23,F,eloah.cunha@email.com,+55 (081) 2600-5595
666,783.162.495-37,Agatha Caldeira,2005-03-08,F,agatha.caldeira@email.com,51 9993 6079
667,704.283.516-62,João Vitor Nascimento,1976-03-11,M,joao.nascimento@email.com,0500-935-9374
668,946.208.157-30,Ana Carolina da Conceição,2000-07-20,F,ana.conceicao@email.com,(041) 3606-0148
669,840.391.276-50,Oliver Almeida,2007-08-21,M,oliver.almeida@email.com,51 8528 3061
670,012.567.843-62,Isabelly Mendes,1990-05-13,F,isabelly.mendes@email.com,+55 61 6263-2514
671,819.705.643-93,Ágatha Sales,1956-10-29,F,agatha.sales@email.com,+55 61 7518 8781
672,159.273.864-82,João Lucas Viana,1994-01-02,M,joao.viana@email.com,+55 (031) 9112 2528
673,509.637.821-77,Dra. Evelyn Mendes,1959-02-06,F,dra..mendes@email.com,+55 (041) 3979-1378
674,530.781.624-35,Maria Julia Duarte,1945-10-24,F,maria.duarte@email.com,31 5605 7121
675,127.345.806-08,Vicente Novais,1998-02-22,M,vicente.novais@email.com,(051) 3486 4010
676,462.783.051-35,Cecilia Sampaio,1949-10-04,F,cecilia.sampaio@email.com,11 4460-0452
677,915.062.487-30,Sr. Davi Miguel Moura,1957-01-28,M,sr..moura@email.com,0500 391 3044
678,894.752.013-60,Vitor Hugo Barros,1965-11-15,M,vitor.barros@email.com,84 1540 2119
679,075.349.286-56,Bianca Mendes,1950-03-25,F,bianca.mendes@email.com,(071) 2291 0732
680,604.751.328-07,Thomas da Costa,1948-09-08,M,thomas.costa@email.com,(021) 3963-8452
681,493.807.261-04,Maria Sophia Pacheco,1944-09-30,F,maria.pacheco@email.com,+55 61 6934 2929
682,038.596.742-00,Isadora Cardoso,1963-06-20,F,isadora.cardoso@email.com,+55 61 9031 0615
683,215.937.680-95,Melissa Casa Grande,2003-01-07,F,melissa.grande@email.com,+55 (011) 3653-3774
684,067.195.328-12,Benicio da Cunha,1958-07-09,M,benicio.cunha@email.com,81 1424 4260
685,975.281.304-60,Vitória Azevedo,2001-10-10,F,vitoria.azevedo@email.com,(081) 6427-3720
686,382.075.496-29,Ryan Gomes,1963-02-22,M,ryan.gomes@email.com,41 4601-9134
687,892.534.067-47,Joaquim Sá,1966-12-04,M,joaquim.sa@email.com,81 6950-7321
688,436.597.201-43,Dr. Otávio da Cunha,1976-10-04,M,dr..cunha@email.com,0900-335-0557
689,736.405.928-83,Vitor Farias,1960-05-22,M,vitor.farias@email.com,81 0376 8118
690,395.062.741-34,Davi Luiz Câmara,1952-10-31,M,davi.camara@email.com,+55 84 9731-5391
691,983.072.146-96,José Vieira,2001-12-13,M,jose.vieira@email.com,(084) 3651-1893
692,658.934.102-89,João Lucas Abreu,1987-05-01,M,joao.abreu@email.com,0500 043 2230
693,324.906.185-98,Srta. Fernanda Costela,1946-10-16,F,srta..costela@email.com,+55 71 3546 2127
694,502.938.467-74,André Cavalcante,1949-08-18,M,andre.cavalcante@email.com,+55 (021) 6163-2488
695,983.761.542-73,Dr. Rael Castro,1962-05-11,M,dr..castro@email.com,0500-303-6468
696,120.954.786-49,Ayla Pacheco,1971-07-03,F,ayla.pacheco@email.com,0800 208 2832
697,981.745.063-57,Ana Julia Moraes,1962-04-26,F,ana.moraes@email.com,+55 71 5822-0673
698,182.430.576-17,Henry Sampaio,1994-11-07,M,henry.sampaio@email.com,(061) 7245 0000
699,521.097.364-61,Sr. Arthur Barros,1997-12-22,M,sr..barros@email.com,61 5090-2556
700,498.107.623-13,Sr. Thiago Ramos,1964-03-10,M,sr..ramos@email.com,(084) 8122-4890
701,086.395.471-57,Maria Helena Melo,2004-12-04,F,maria.melo@email.com,+55 51 6551 5848
702,913.782.564-09,Nathan Garcia,1989-08-26,M,nathan.garcia@email.com,+55 (071) 5429 6080
703,396.475.821-37,Dr. Benjamim Jesus,1998-03-04,M,dr..jesus@email.com,+55 (031) 9822 1040
704,810.256.943-33,Maria Júlia da Cunha,1978-07-26,F,maria.cunha@email.com,+55 51 8363 8164
705,126.458.973-55,Daniela Rocha,1972-05-21,F,daniela.rocha@email.com,(031) 2036 2586
706,417.603.298-78,Bella das Neves,1955-04-24,F,bella.neves@email.com,11 5402 6355
707,301.962.574-25,Francisco da Rocha,1979-07-23,M,francisco.rocha@email.com,0500 880 3153
708,245.713.096-43,Sarah Moreira,1947-03-16,F,sarah.moreira@email.com,(021) 0433 3353
709,516.987.032-95,José Miguel Pastor,1993-01-19,M,jose.pastor@email.com,0300-787-1809
710,137.968.204-50,Isabella Pastor,2004-09-10,F,isabella.pastor@email.com,81 0119 8756
711,680.715.932-30,Ravi Montenegro,1967-06-02,M,ravi.montenegro@email.com,84 1829 8036
712,748.690.352-00,Ravy Porto,1971-04-23,M,ravy.porto@email.com,31 9520 1491
713,941.827.635-64,Valentina Porto,1967-12-27,F,valentina.porto@email.com,+55 (041) 9263 2239
714,137.265.804-17,Sofia Casa Grande,1962-01-04,F,sofia.grande@email.com,+55 (051) 4288 6050
715,698.750.432-65,Isabela Monteiro,1973-09-03,F,isabela.monteiro@email.com,+55 (031) 0308 3566
716,062.539.784-38,Aurora Teixeira,1951-06-14,F,aurora.teixeira@email.com,+55 (051) 3455-0688
717,178.349.526-09,Maya Oliveira,1964-05-29,F,maya.oliveira@email.com,+55 (061) 1348 0873
718,782.301.496-31,Kaique da Costa,1986-06-19,M,kaique.costa@email.com,+55 71 0157 0908
719,420.538.169-70,Benício da Rocha,1996-10-25,M,benicio.rocha@email.com,0900-964-8997
720,285.436.107-53,Vicente da Rocha,1983-02-13,M,vicente.rocha@email.com,+55 51 4084 9932
721,342.695.018-98,Bianca Cirino,1982-08-12,F,bianca.cirino@email.com,(071) 2617-6072
722,389.254.670-38,Sr. Leonardo Novais,2005-10-16,M,sr..novais@email.com,41 2804-0561
723,082.347.165-90,Pedro Henrique Fernandes,1951-01-04,M,pedro.fernandes@email.com,81 6965-6130
724,123.648.509-24,Rodrigo Lima,2002-01-13,M,rodrigo.lima@email.com,+55 (071) 4682-3948
725,273.064.891-78,Asafe Alves,2006-05-24,M,asafe.alves@email.com,51 1016 8311
726,016.497.258-76,Sr. Lucas Gabriel Alves,1987-07-06,M,sr..alves@email.com,0500-150-7628
727,620.581.947-30,Melina Ramos,2005-08-08,F,melina.ramos@email.com,11 7794-6207
728,628.704.591-49,Maria Luiza Teixeira,1993-12-25,F,maria.teixeira@email.com,(071) 6029-9140
729,841.765.302-35,Valentina Rocha,1953-09-04,F,valentina.rocha@email.com,(051) 5235 6178
730,321.047.659-43,Ravi Albuquerque,1959-07-18,M,ravi.albuquerque@email.com,(011) 3852-7789
731,397.054.218-97,Maria Flor Campos,1984-12-21,F,maria.campos@email.com,+55 (071) 2950 2648
732,490.136.278-03,Aylla Lopes,1976-08-28,F,aylla.lopes@email.com,61 1277-8221
733,172.059.834-79,Elisa Porto,1956-04-29,F,elisa.porto@email.com,0500 857 9736
734,182.457.309-04,Ágatha da Cruz,1960-03-23,F,agatha.cruz@email.com,0500 707 9866
735,067.134.895-75,Srta. Mirella Mendes,1996-09-03,F,srta..mendes@email.com,+55 (011) 6821 2235
736,650.924.371-70,Emanuel Borges,1972-03-15,M,emanuel.borges@email.com,0300 218 2192
737,904.137.258-04,Maria Laura Marques,1955-06-04,F,maria.marques@email.com,+55 81 0509 3869
738,245.678.093-00,Dr. Thiago da Rocha,1963-12-12,M,dr..rocha@email.com,(084) 7887 0715
739,679.314.508-84,Isaac Nogueira,1963-05-10,M,isaac.nogueira@email.com,41 1917 7987
740,967.518.230-02,Vitor Hugo Cassiano,1978-04-05,M,vitor.cassiano@email.com,+55 (051) 8580 6235
741,568.942.370-00,João Felipe Alves,1946-09-25,M,joao.alves@email.com,+55 71 2482 5544
742,763.124.509-61,Vinicius Gonçalves,1987-10-15,M,vinicius.goncalves@email.com,+55 84 8946 3389
743,241.569.783-46,Manuela Guerra,1993-10-22,F,manuela.guerra@email.com,(081) 2562-9269
744,851.740.362-26,Henry Fernandes,1946-05-24,M,henry.fernandes@email.com,(084) 8468-5095
745,309.254.867-10,Laura da Luz,2001-04-17,F,laura.luz@email.com,+55 61 7972 0385
746,015.832.964-33,Isabela da Mata,1975-07-10,F,isabela.mata@email.com,+55 51 5531 3259
747,813.675.204-44,Otto Melo,1986-11-22,M,otto.melo@email.com,+55 81 2141-0527
748,987.406.135-93,Vitória Campos,1963-02-19,F,vitoria.campos@email.com,21 2388 8562
749,690.245.318-70,Luísa Novais,1963-09-02,F,luisa.novais@email.com,(031) 2275 8548
750,542.817.039-50,Dr. Otávio Fonseca,1967-04-06,M,dr..fonseca@email.com,+55 (041) 2000 2453
751,321.685.094-33,Igor Barbosa,1966-09-11,M,igor.barbosa@email.com,(081) 7083 6821
752,896.345.701-00,Liz da Paz,2002-07-07,F,liz.paz@email.com,+55 21 6774-6202
753,254.107.689-49,Théo Sousa,1994-10-21,M,theo.sousa@email.com,+55 84 3123 9204
754,601.473.258-62,Ayla Araújo,1958-07-12,F,ayla.araujo@email.com,81 7508-2768
755,257.398.461-37,Srta. Mirella Cavalcanti,1977-07-28,F,srta..cavalcanti@email.com,+55 84 6290 5291
756,831.904.726-96,Mirella Garcia,1952-11-16,F,mirella.garcia@email.com,(071) 2173-3739
757,298.465.173-19,Sr. Arthur Duarte,2004-08-21,M,sr..duarte@email.com,+55 (041) 1659-1438
758,258.714.639-91,Diego da Costa,1962-10-20,M,diego.costa@email.com,84 1777 3264
759,548.736.091-00,Alícia Oliveira,1985-09-21,F,alicia.oliveira@email.com,0800 702 9271
760,378.501.924-60,Benjamin Farias,1954-01-21,M,benjamin.farias@email.com,0800 883 2201
761,083.195.276-86,Luiz Otávio Gonçalves,1985-12-04,M,luiz.goncalves@email.com,(061) 8889-7535
762,860.971.542-67,Dr. Francisco da Costa,1960-09-22,M,dr..costa@email.com,51 1995 1715
763,910.684.523-15,Giovanna Siqueira,1989-11-01,F,giovanna.siqueira@email.com,+55 (041) 1437 4830
764,967.014.382-96,Fernanda Abreu,1954-07-12,F,fernanda.abreu@email.com,61 0221 3217
765,201.458.637-35,Ravi Lucca Sá,1972-01-20,M,ravi.sa@email.com,+55 51 2201 9072
766,738.451.069-48,Dr. Vinícius Teixeira,1974-01-03,M,dr..teixeira@email.com,41 5380 2748
767,421.086.359-98,Clarice Teixeira,2007-05-21,F,clarice.teixeira@email.com,(081) 0952 2946
768,358.790.461-84,Allana Pastor,1953-05-16,F,allana.pastor@email.com,0800 701 3712
769,589.423.706-83,Gabriel Lima,2002-03-29,M,gabriel.lima@email.com,+55 (041) 4120 2706
770,273.489.056-92,Maria Cecília Pimenta,1974-10-20,F,maria.pimenta@email.com,+55 21 6690 6322
771,158.290.763-30,Vinícius Rezende,1946-11-07,M,vinicius.rezende@email.com,+55 51 0109 5679
772,415.392.786-46,Sra. Maria Eduarda Lima,2002-01-18,F,sra..lima@email.com,+55 (051) 3471-2476
773,801.649.532-05,Daniel Aparecida,1999-07-03,M,daniel.aparecida@email.com,81 8317 6417
774,089.472.356-10,Otávio Moreira,1984-12-25,M,otavio.moreira@email.com,+55 (041) 1507 1380
775,307.512.896-12,Milena Caldeira,1969-03-22,F,milena.caldeira@email.com,51 4743 6213
776,625.498.317-64,Allana Nunes,1985-03-20,F,allana.nunes@email.com,+55 61 7031-8053
777,746.391.085-75,Srta. Maria Luiza Castro,1980-05-07,F,srta..castro@email.com,+55 41 2700-0466
778,501.689.327-68,Beatriz das Neves,1990-01-02,F,beatriz.neves@email.com,(061) 1400-4938
779,940.217.683-78,Ana Lívia Silva,1962-01-14,F,ana.silva@email.com,0800-980-9497
780,319.746.082-04,Vitória Monteiro,1985-09-06,F,vitoria.monteiro@email.com,84 4166-1237
781,743.162.908-78,Benicio Mendonça,1994-10-19,M,benicio.mendonca@email.com,31 9949-9197
782,426.751.039-34,Bernardo Silva,1948-02-13,M,bernardo.silva@email.com,31 7821-1602
783,418.729.305-14,Dra. Ana Pires,1950-05-01,F,dra..pires@email.com,(031) 0889-4801
784,482.103.795-50,Murilo da Luz,1983-07-06,M,murilo.luz@email.com,(031) 8570-8200
785,675.380.149-93,Ágatha Aparecida,1982-12-28,F,agatha.aparecida@email.com,+55 21 4961 1287
786,269.358.470-10,Dra. Júlia Vieira,1962-10-29,F,dra..vieira@email.com,+55 (061) 9531 4196
787,073.182.654-07,Luiz Gustavo Lima,1968-09-27,M,luiz.lima@email.com,+55 51 7962 4096
788,693.524.701-25,Dra. Larissa Pimenta,1975-06-24,F,dra..pimenta@email.com,31 4217-0285
789,253.687.940-29,Matheus Casa Grande,1944-09-02,M,matheus.grande@email.com,21 9348-6883
790,246.318.790-50,Ana Cecília Lopes,1973-07-25,F,ana.lopes@email.com,+55 (031) 9114 1319
791,923.570.146-52,Sr. Luiz Henrique Ribeiro,1993-08-16,M,sr..ribeiro@email.com,81 0523 0458
792,502.769.381-86,Aylla Guerra,1953-02-15,F,aylla.guerra@email.com,0800-165-0344
793,178.504.923-23,Oliver Guerra,1985-02-08,M,oliver.guerra@email.com,61 9808-8067
794,417.239.058-79,Clara Brito,1987-01-05,F,clara.brito@email.com,+55 (061) 6648-6989
795,987.243.650-92,Miguel Sampaio,1966-12-03,M,miguel.sampaio@email.com,(081) 9450 1192
796,753.890.246-56,Dra. Emilly Araújo,1976-12-08,F,dra..araujo@email.com,+55 21 6039 8863
797,621.498.570-49,Luara da Cruz,1970-06-09,F,luara.cruz@email.com,(084) 0009-9424
798,046.352.718-62,Isis Cavalcanti,1972-07-31,F,isis.cavalcanti@email.com,+55 (071) 5642 0456
799,750.432.698-47,Rebeca Sá,1997-10-24,F,rebeca.sa@email.com,21 9062-3546
800,265.790.418-11,Davi Lucca Porto,1985-09-22,M,davi.porto@email.com,0500-530-0622
801,427.365.810-08,Emanuella Cassiano,1996-08-16,F,emanuella.cassiano@email.com,(051) 9160 1124
802,846.079.531-48,Sr. Caleb Freitas,1984-09-18,M,sr..freitas@email.com,41 6778-2312
803,047.153.296-70,Luiz Henrique Macedo,1949-10-30,M,luiz.macedo@email.com,+55 (011) 1203-8437
804,560.342.189-42,Ian Lopes,1979-08-18,M,ian.lopes@email.com,+55 (051) 4218-3854
805,064.258.731-08,Juliana Aragão,1967-09-08,F,juliana.aragao@email.com,+55 (011) 3112-3274
806,917.368.425-28,Samuel Rodrigues,1988-07-18,M,samuel.rodrigues@email.com,+55 (041) 7203-8862
807,089.674.352-74,Olívia Fogaça,1961-12-30,F,olivia.fogaca@email.com,(071) 3069 3588
808,359.208.467-47,João Felipe Pinto,1993-04-25,M,joao.pinto@email.com,61 7784 8165
809,459.230.168-42,João Lucas da Cunha,1991-07-01,M,joao.cunha@email.com,+55 (084) 7993 7810
810,912.436.758-37,Dr. Isaque Ramos,1999-05-10,M,dr..ramos@email.com,0900-996-9882
811,572.630.814-07,Dra. Ana Liz das Neves,1961-12-02,F,dra..neves@email.com,41 3019 8642
812,837.146.520-35,Davi Lucca Costela,1954-12-02,M,davi.costela@email.com,+55 61 8706 2932
813,983.160.472-50,Sophie Aragão,1957-03-31,F,sophie.aragao@email.com,+55 31 2001-8676
814,087.539.426-47,Danilo Aparecida,2000-04-20,M,danilo.aparecida@email.com,(021) 3561 4038
815,310.692.547-70,Luiza Rezende,1957-12-01,F,luiza.rezende@email.com,(051) 4695 1003
816,620.895.317-03,Srta. Natália Sá,1967-03-15,F,srta..sa@email.com,+55 (031) 0666 6411
817,418.572.069-67,Matteo Freitas,1951-06-29,M,matteo.freitas@email.com,71 9949 7089
818,836.941.270-03,Maria Eduarda Vargas,1970-05-14,F,maria.vargas@email.com,61 9996-2697
819,861.349.075-10,Vitória da Conceição,1969-11-23,F,vitoria.conceicao@email.com,0900 625 7197
820,932.061.874-78,Alícia Sales,1975-07-31,F,alicia.sales@email.com,41 9826-0418
821,175.246.098-76,Maria Eduarda Carvalho,1975-09-28,F,maria.carvalho@email.com,(021) 1274 6921
822,824.075.361-26,Vitor Hugo Rocha,1962-10-08,M,vitor.rocha@email.com,+55 (051) 2297-5891
823,459.107.236-34,Benjamim Santos,1970-01-08,M,benjamim.santos@email.com,(084) 0568-2092
824,098.753.124-79,Maria Clara Monteiro,1972-07-19,F,maria.monteiro@email.com,+55 84 0723-2472
825,954.068.327-00,Enrico Novais,1955-08-07,M,enrico.novais@email.com,+55 71 7312-6168
826,105.478.639-93,André Mendes,1944-09-19,M,andre.mendes@email.com,0800-271-1526
827,537.041.962-07,Augusto Souza,1976-02-11,M,augusto.souza@email.com,+55 11 6950 0741
828,543.691.780-10,Leonardo Novais,2003-07-11,M,leonardo.novais@email.com,81 5294 4716
829,734.690.125-80,Srta. Sophie Casa Grande,1947-01-24,F,srta..grande@email.com,+55 71 5025-8963
830,435.829.160-06,Srta. Ana Lívia Martins,1973-04-10,F,srta..martins@email.com,51 0648 6067
831,493.821.506-33,Hellena Silva,2007-05-01,F,hellena.silva@email.com,(031) 6280 5507
832,065.342.791-34,João Guilherme Santos,1971-09-02,M,joao.santos@email.com,+55 (031) 3920-9085
833,740.589.162-49,Cauê Aparecida,1951-06-18,M,caue.aparecida@email.com,(061) 8619-0254
834,290.354.871-41,Dr. Mathias Aragão,2000-04-13,M,dr..aragao@email.com,+55 81 1201-2275
835,026.759.413-52,Luiz Henrique Araújo,1967-08-07,M,luiz.araujo@email.com,+55 11 2594-7950
836,719.586.320-40,João Miguel Aparecida,1968-09-23,M,joao.aparecida@email.com,0900 503 1006
837,031.925.764-99,Henrique da Rosa,1973-10-20,M,henrique.rosa@email.com,+55 (061) 8941 1849
838,529.816.403-05,Hellena Rezende,1969-03-28,F,hellena.rezende@email.com,51 1006 7990
839,680.743.512-62,Sr. Miguel Oliveira,1947-08-25,M,sr..oliveira@email.com,+55 41 7842-3394
840,096.375.142-52,Marcelo Câmara,1945-03-13,M,marcelo.camara@email.com,+55 11 2501-7365
841,241.389.750-04,Caroline Gonçalves,1987-05-14,F,caroline.goncalves@email.com,+55 (061) 9233-4511
842,069.217.385-40,Ana Beatriz Oliveira,1961-03-08,F,ana.oliveira@email.com,+55 (021) 2116 6732
843,579.648.310-20,André da Paz,1950-08-14,M,andre.paz@email.com,+55 (041) 9964-2603
844,209.375.186-03,Mariah Rios,1976-01-31,F,mariah.rios@email.com,(061) 0920-7115
845,802.136.975-21,Henry Gabriel Silva,1949-03-30,M,henry.silva@email.com,11 8189 7059
846,186.942.530-89,Pedro Henrique Caldeira,1994-05-07,M,pedro.caldeira@email.com,0900 597 7216
847,053.748.196-66,Valentim Aparecida,1986-01-25,M,valentim.aparecida@email.com,+55 (021) 8972-8454
848,297.105.684-85,Calebe Moraes,1986-07-02,M,calebe.moraes@email.com,(021) 8232 2041
849,432.590.617-70,João Lucas Mendonça,1983-12-07,M,joao.mendonca@email.com,0500-302-0203
850,239.158.460-15,Kamilly Silva,1991-12-22,F,kamilly.silva@email.com,+55 51 3530 2816
851,463.058.279-74,Benicio Jesus,2001-01-02,M,benicio.jesus@email.com,(031) 7756-9198
852,102.483.597-97,Davi Lucca Vargas,1970-05-19,M,davi.vargas@email.com,0500-029-8310
853,841.935.702-23,Isadora Sousa,1999-03-10,F,isadora.sousa@email.com,+55 (081) 1670-8056
854,670.319.584-66,Maria Eduarda Leão,1969-04-14,F,maria.leao@email.com,21 0494 4407
855,438.972.016-31,Matteo Costa,1956-01-12,M,matteo.costa@email.com,(051) 3226-2611
856,362.857.410-26,Diogo da Cunha,1951-07-20,M,diogo.cunha@email.com,31 8087-9919
857,341.586.970-93,Diogo Porto,1958-04-30,M,diogo.porto@email.com,84 5324-7250
858,394.106.587-48,Vitor da Costa,2002-05-18,M,vitor.costa@email.com,51 7605 4576
859,576.492.801-01,Dra. Juliana Monteiro,1960-12-22,F,dra..monteiro@email.com,(021) 5974-6698
860,342.017.856-53,Ana Luiza Lopes,1981-02-01,F,ana.lopes@email.com,+55 (021) 9594 8152
861,568.231.097-77,Cecília Duarte,1975-06-28,F,cecilia.duarte@email.com,+55 84 2359-1426
862,483.167.052-90,João Pedro Aragão,2004-12-12,M,joao.aragao@email.com,(041) 3079 6373
863,817.429.605-02,Antony Alves,1969-09-18,M,antony.alves@email.com,81 7184-5235
864,874.253.091-14,Dr. Felipe Lopes,1957-11-06,M,dr..lopes@email.com,+55 (031) 0865-2377
865,695.317.802-77,Davi Lucca Oliveira,1963-08-12,M,davi.oliveira@email.com,+55 (081) 0527 8105
866,098.136.475-66,Valentim Ribeiro,1957-04-29,M,valentim.ribeiro@email.com,(051) 7316 0943
867,361.970.542-99,Davi Vargas,1970-05-18,M,davi.vargas@email.com,0900-552-8620
868,735.192.480-50,Francisco Oliveira,2006-07-17,M,francisco.oliveira@email.com,+55 41 2227-3938
869,457.861.203-17,Emanuella Abreu,1960-01-27,F,emanuella.abreu@email.com,(011) 6185-0761
870,826.430.175-44,Natália Aparecida,1947-04-10,F,natalia.aparecida@email.com,+55 41 0712 6158
871,176.524.893-00,Fernando Santos,1958-04-12,M,fernando.santos@email.com,(061) 7422 3322
872,148.927.650-58,Sophia Almeida,1956-10-21,F,sophia.almeida@email.com,11 6062 9535
873,731.650.492-70,Sr. Mathias da Cruz,1991-03-04,M,sr..cruz@email.com,(084) 4130-7538
874,852.096.134-70,Camila Rezende,1971-12-16,F,camila.rezende@email.com,+55 (081) 8463 9756
875,470.265.839-56,Levi Siqueira,1969-09-16,M,levi.siqueira@email.com,+55 31 6411 9556
876,163.427.890-96,Antony Nunes,1948-09-29,M,antony.nunes@email.com,(081) 0204-2620
877,219.708.463-13,Theo Brito,2006-04-19,M,theo.brito@email.com,0900-678-9760
878,312.965.807-68,Stephany Melo,1953-08-15,F,stephany.melo@email.com,(031) 6075-9889
879,538.964.207-47,Yago Leão,1985-08-28,M,yago.leao@email.com,+55 31 6543 0895
880,209.846.751-67,Igor Campos,1977-09-27,M,igor.campos@email.com,41 4497 4700
881,876.294.315-46,Cecilia Leão,1964-11-28,F,cecilia.leao@email.com,0500 797 4163
882,045.963.182-98,Luiz Felipe Lima,1992-03-20,M,luiz.lima@email.com,+55 21 7309-6496
883,718.542.963-37,Francisco Martins,1959-10-22,M,francisco.martins@email.com,(061) 3059 7025
884,827.351.640-71,Daniel Castro,1949-12-24,M,daniel.castro@email.com,(051) 9489 8959
885,693.285.470-83,Luiz Fernando da Paz,1965-07-26,M,luiz.paz@email.com,+55 61 1491-6999
886,497.218.653-46,Joaquim Santos,1945-10-25,M,joaquim.santos@email.com,51 8223 0958
887,734.015.689-57,Davi Lucas Pereira,1953-06-07,M,davi.pereira@email.com,+55 (081) 2170 7548
888,658.341.702-26,Gael da Paz,1945-05-04,M,gael.paz@email.com,+55 (061) 4496 4612
889,251.706.349-43,Sr. Benjamim Alves,2003-06-19,M,sr..alves@email.com,11 8963 5957
890,931.256.407-25,Marina Barros,1991-12-30,F,marina.barros@email.com,(061) 6631 1388
891,423.671.908-87,Benicio Costela,1957-11-29,M,benicio.costela@email.com,(041) 7424 6310
892,768.940.521-58,Isabel Ribeiro,1993-01-05,F,isabel.ribeiro@email.com,+55 (011) 9469-0217
893,743.021.569-61,Laura Azevedo,1960-03-10,F,laura.azevedo@email.com,61 5022-8946
894,752.168.490-76,Lucca Cirino,1945-04-13,M,lucca.cirino@email.com,+55 84 0256 9133
895,394.865.027-65,Heloísa Almeida,1990-04-07,F,heloisa.almeida@email.com,(011) 7507-6279
896,530.129.674-43,Luiz Felipe Sá,2006-02-17,M,luiz.sa@email.com,+55 (051) 3984-7230
897,209.473.856-65,Júlia Silva,1950-10-31,F,julia.silva@email.com,(051) 2224-0507
898,871.635.294-73,Sra. Joana Ribeiro,1951-11-08,F,sra..ribeiro@email.com,0900-924-0658
899,279.840.153-41,Zoe Macedo,1985-05-25,F,zoe.macedo@email.com,+55 (061) 9566 8448
900,397.401.582-50,Sr. Josué Mendonça,1950-07-01,M,sr..mendonca@email.com,+55 (071) 1878 0358
901,170.632.845-17,Benicio Rios,1985-05-11,M,benicio.rios@email.com,+55 (021) 5199-9452
902,179.865.342-73,Liam Sousa,1961-08-24,M,liam.sousa@email.com,+55 21 8722-0542
903,265.794.308-00,Brenda Garcia,1995-01-03,F,brenda.garcia@email.com,+55 (011) 8334 4470
904,785.023.649-10,Theodoro Moreira,2003-03-08,M,theodoro.moreira@email.com,31 9685 1953
905,926.351.487-91,Dr. Theo da Cunha,1972-10-29,M,dr..cunha@email.com,+55 31 4277-7522
906,619.240.875-02,Eduardo Almeida,1946-07-16,M,eduardo.almeida@email.com,31 9229 4115
907,258.674.301-62,Henrique Aparecida,1961-04-11,M,henrique.aparecida@email.com,(061) 2629-4206
908,480.569.273-10,Ana Vitória Farias,1958-08-01,F,ana.farias@email.com,+55 51 3800 4983
909,128.096.735-86,Srta. Ana Luiza Ramos,1979-06-12,F,srta..ramos@email.com,+55 61 5826 8687
910,195.247.086-20,Kaique Albuquerque,1965-06-11,M,kaique.albuquerque@email.com,+55 84 0062 9877
911,589.673.412-37,Dra. Pietra da Cruz,1995-08-12,F,dra..cruz@email.com,(041) 1962 3421
912,628.015.943-42,Diego Silva,1947-09-29,M,diego.silva@email.com,(011) 2948 3147
913,792.634.850-38,Brenda Borges,1988-12-29,F,brenda.borges@email.com,+55 (031) 8318-0036
914,208.791.453-23,Maria Luísa Almeida,1957-10-22,F,maria.almeida@email.com,71 6310-5052
915,380.241.967-78,Isabelly Moura,1989-07-24,F,isabelly.moura@email.com,0300 900 7686
916,638.149.720-31,Natália Sá,1959-03-31,F,natalia.sa@email.com,(081) 6185-1862
917,364.805.792-83,Mirella Caldeira,1989-10-27,F,mirella.caldeira@email.com,21 2339-2188
918,719.250.386-02,Sr. Luiz Fernando Cirino,1970-11-22,M,sr..cirino@email.com,+55 41 0659 2088
919,127.435.096-43,João Felipe da Cruz,1968-08-16,M,joao.cruz@email.com,0900 698 3845
920,026.387.491-50,Dr. Felipe Sousa,1983-10-05,M,dr..sousa@email.com,+55 41 2573 4989
921,534.980.621-15,Enrico Fernandes,2004-12-24,M,enrico.fernandes@email.com,+55 84 9907 4729
922,417.963.502-06,Otávio Pastor,1982-04-18,M,otavio.pastor@email.com,0300-747-4859
923,413.695.208-24,João Miguel Guerra,1976-02-03,M,joao.guerra@email.com,+55 51 4785 3698
924,480.265.793-56,Bianca Garcia,1989-10-04,F,bianca.garcia@email.com,31 6052-1026
925,694.780.523-65,Raul Aparecida,1963-01-22,M,raul.aparecida@email.com,61 4581-3088
926,057.284.163-90,Esther Rios,1962-06-21,F,esther.rios@email.com,+55 51 8563 0275
927,305.796.821-02,Ana Julia Abreu,1988-07-17,F,ana.abreu@email.com,+55 (084) 0564-1849
928,467.908.325-56,Pedro Lucas Nogueira,1989-02-16,M,pedro.nogueira@email.com,+55 71 8726 0013
929,103.265.487-26,Maria Fernanda Sales,1971-06-02,F,maria.sales@email.com,(081) 4568-6524
930,215.947.380-41,Marcos Vinicius Casa Grande,1966-02-10,M,marcos.grande@email.com,(011) 2221-9053
931,047.235.681-07,Juan Macedo,1991-03-31,M,juan.macedo@email.com,(061) 5939 6521
932,507.681.243-44,Yasmin Câmara,1959-06-30,F,yasmin.camara@email.com,+55 51 2900 3622
933,732.586.149-46,Bernardo Silva,1981-02-16,M,bernardo.silva@email.com,71 3958-5585
934,425.178.063-90,Emilly Pacheco,1978-11-01,F,emilly.pacheco@email.com,(061) 7591 7105
935,054.792.316-34,Vitória Porto,1962-12-21,F,vitoria.porto@email.com,(071) 3535-2478
936,715.426.308-35,Dr. Daniel Vieira,1964-05-04,M,dr..vieira@email.com,0500-305-3788
937,183.705.942-04,Hellena Correia,1973-09-18,F,hellena.correia@email.com,+55 (051) 8788 2815
938,730.248.159-88,Rhavi Nogueira,1965-12-24,M,rhavi.nogueira@email.com,+55 (061) 1746-5353
939,189.235.746-19,Théo Aragão,2003-10-22,M,theo.aragao@email.com,41 7177 6296
940,396.145.278-46,Ana Luiza das Neves,1962-06-23,F,ana.neves@email.com,(081) 0999 9001
941,857.140.623-53,Vitor Peixoto,1955-10-16,M,vitor.peixoto@email.com,+55 41 1896 8442
942,894.756.321-82,Sra. Maria Julia da Mota,1974-06-16,F,sra..mota@email.com,+55 (041) 8575-9582
943,028.934.576-65,Daniel Pastor,2000-06-13,M,daniel.pastor@email.com,+55 84 4883 9717
944,984.260.571-01,Lucas Sá,1978-06-04,M,lucas.sa@email.com,+55 (031) 8681-1230
945,561.804.723-35,Vitória Montenegro,2001-06-03,F,vitoria.montenegro@email.com,61 1459-0099
946,705.214.398-41,Sr. Cauã Macedo,1959-09-09,M,sr..macedo@email.com,31 1588 0705
947,601.847.932-03,Davi Lucas Rocha,2003-01-04,M,davi.rocha@email.com,61 2974-2551
948,905.648.731-01,Mariane Aparecida,1966-12-14,F,mariane.aparecida@email.com,+55 (081) 2437 3615
949,692.301.784-03,Dra. Sara Costela,1983-04-29,F,dra..costela@email.com,+55 51 3539 0058
950,547.910.263-06,Pedro Borges,1960-12-09,M,pedro.borges@email.com,0800 792 5511
951,602.941.358-98,Lavínia da Cruz,1975-09-29,F,lavinia.cruz@email.com,+55 (041) 2896 6605
952,816.725.049-02,Laís Cavalcanti,1949-11-09,F,lais.cavalcanti@email.com,+55 (051) 1975 3584
953,510.894.736-48,João Aparecida,1959-03-18,M,joao.aparecida@email.com,+55 (021) 4276 3628
954,497.085.123-97,Julia Porto,1998-09-12,F,julia.porto@email.com,+55 11 0969-0676
955,294.763.815-82,Agatha Nunes,1952-04-05,F,agatha.nunes@email.com,+55 41 5872-7174
956,681.903.245-51,Alícia Ramos,1958-06-20,F,alicia.ramos@email.com,(041) 3988 1873
957,583.916.742-82,Ravy Macedo,1975-03-28,M,ravy.macedo@email.com,+55 (021) 4130 9091
958,602.413.597-16,Gael Moraes,1998-03-29,M,gael.moraes@email.com,+55 (041) 0412-3190
959,204.698.731-40,Dr. Rael Martins,1991-07-26,M,dr..martins@email.com,0900 419 3245
960,107.542.863-71,Yuri Ramos,1954-06-18,M,yuri.ramos@email.com,+55 84 8709-8726
961,295.038.167-77,Maria Luísa Costela,1945-08-07,F,maria.costela@email.com,+55 71 3261-1890
962,689.053.174-48,Evelyn das Neves,1945-06-19,F,evelyn.neves@email.com,+55 (021) 8672-0200
963,368.510.247-80,Lucas Gabriel Vasconcelos,1981-08-24,M,lucas.vasconcelos@email.com,0800 005 7795
964,732.940.518-32,Bento Brito,1986-07-10,M,bento.brito@email.com,(061) 1307-2211
965,907.853.462-10,Ágatha Garcia,1952-10-23,F,agatha.garcia@email.com,+55 (041) 4546 1719
966,709.261.385-02,Yan Azevedo,2000-10-16,M,yan.azevedo@email.com,+55 21 4422-5216
967,234.601.597-07,Cecília Fernandes,1965-05-30,F,cecilia.fernandes@email.com,(041) 7269-0326
968,327.906.845-29,Dr. Levi Brito,1990-09-23,M,dr..brito@email.com,+55 84 4559 8516
969,195.460.832-24,Davi Lucca Caldeira,1996-03-11,M,davi.caldeira@email.com,(011) 9864 7868
970,760.945.213-07,Sra. Carolina Cunha,1962-04-05,F,sra..cunha@email.com,+55 (041) 8378 1919
971,921.380.476-87,Samuel da Rocha,1971-05-25,M,samuel.rocha@email.com,0500-235-3484
972,702.814.359-79,Pedro Henrique da Mata,1974-01-09,M,pedro.mata@email.com,+55 (061) 2021-2372
973,038.965.421-33,Luiz Henrique Farias,1961-07-27,M,luiz.farias@email.com,(021) 6739 1900
974,918.203.546-60,Stephany Oliveira,1970-10-24,F,stephany.oliveira@email.com,0300 232 7379
975,906.842.537-47,Dra. Natália Sousa,2002-10-20,F,dra..sousa@email.com,81 6746-3000
976,396.071.852-77,Sophie da Mota,1980-04-06,F,sophie.mota@email.com,+55 21 5198 5458
977,034.659.718-84,Leonardo Cassiano,1966-09-10,M,leonardo.cassiano@email.com,+55 41 4660-7569
978,946.371.052-34,José da Paz,1982-02-10,M,jose.paz@email.com,+55 84 4028 1822
979,940.136.728-04,Sr. Théo Machado,1978-09-23,M,sr..machado@email.com,+55 (084) 7452 7353
980,357.062.894-92,Leonardo Castro,1997-02-25,M,leonardo.castro@email.com,84 2851-8161
981,904.538.761-10,Sr. Luan Ferreira,1985-08-03,M,sr..ferreira@email.com,+55 (051) 3046-6001
982,271.068.453-53,Isabelly Moreira,1949-04-27,F,isabelly.moreira@email.com,(084) 1204 8507
983,534.280.697-65,Dr. Pedro Henrique Sá,2005-06-22,M,dr..sa@email.com,+55 (011) 7634-6019
984,057.861.249-67,Lívia da Costa,1962-04-22,F,livia.costa@email.com,+55 41 5861-7682
985,127.593.406-43,Luiza Sá,2002-04-22,F,luiza.sa@email.com,84 6562 2419
986,784.692.310-22,Maria Luísa Nogueira,1989-09-21,F,maria.nogueira@email.com,+55 (031) 9035-0061
987,974.165.280-11,Liz Montenegro,1965-07-31,F,liz.montenegro@email.com,+55 (071) 4668 2121
988,952.764.103-99,Pedro da Cunha,1989-07-22,M,pedro.cunha@email.com,+55 84 4111-9738
989,273.058.146-44,Anna Liz Moura,1967-08-10,F,anna.moura@email.com,0900 488 2188
990,068.297.534-65,Otto Nascimento,1957-01-06,M,otto.nascimento@email.com,+55 31 2543 4123
991,604.759.382-83,Dante Santos,1978-06-12,M,dante.santos@email.com,+55 (011) 1860-0320
992,780.962.534-92,Sr. Cauã Peixoto,1964-11-30,M,sr..peixoto@email.com,(071) 1317-1978
993,162.874.059-02,Augusto Vasconcelos,1951-05-09,M,augusto.vasconcelos@email.com,0800 478 5501
994,539.410.678-93,Gustavo Macedo,1982-08-17,M,gustavo.macedo@email.com,51 7807 2790
995,619.045.728-20,Sr. Ravi Lucca Camargo,2001-06-15,M,sr..camargo@email.com,+55 (021) 2399-6477
996,753.098.642-29,Vitor Gabriel Costa,1998-12-21,M,vitor.costa@email.com,(011) 8085 5780
997,493.615.702-34,Enzo Gabriel Rezende,2000-09-26,M,enzo.rezende@email.com,+55 71 6906 9685
998,706.932.815-02,José Pedro Gonçalves,1961-05-20,M,jose.goncalves@email.com,0500 521 5016
999,107.895.264-76,Diogo Gomes,2005-05-27,M,diogo.gomes@email.com,+55 (031) 4319-8392
1000,813.062.549-06,Vitor Hugo da Rocha,1985-07-11,M,vitor.rocha@email.com,+55 11 0530 2151
